package name,author,assignee,created at,closed at,link,version,is stable
azure-mgmt-compute,azure-sdk,ChenxiJiang333,2025-09-15,2025-09-22,https://github.com/Azure/sdk-release-request/issues/6567,37.0.0,True
azure-mgmt-sql,azure-sdk,ChenxiJiang333,2025-07-25,2025-09-15,https://github.com/Azure/sdk-release-request/issues/6446,4.0.0b23,
azure-mgmt-dashboard,azure-sdk,ChenxiJiang333,2025-07-17,2025-09-08,https://github.com/Azure/sdk-release-request/issues/6426,2.0.0b1,
azure-mgmt-containerservicefleet,azure-sdk,ChenxiJiang333,2025-07-29,2025-09-08,https://github.com/Azure/sdk-release-request/issues/6449,4.0.0b1,
azure-mgmt-iotfirmwaredefense,azure-sdk,ChenxiJiang333,2025-08-28,2025-09-08,https://github.com/Azure/sdk-release-request/issues/6522,2.0.0,True
azure-mgmt-computerecommender,azure-sdk,ChenxiJiang333,2025-08-29,2025-09-08,https://github.com/Azure/sdk-release-request/issues/6531,1.0.0b1,
azure-mgmt-storagediscovery,msyyc,msyyc,2025-09-02,2025-09-03,https://github.com/Azure/sdk-release-request/issues/6540,1.0.0b2,
azure-mgmt-azurestackhcivm,azure-sdk,ChenxiJiang333,2025-08-28,2025-09-03,https://github.com/Azure/sdk-release-request/issues/6526,1.0.0b1,
azure-mgmt-azurestackhcivm,azure-sdk,ChenxiJiang333,2025-07-11,2025-09-01,https://github.com/Azure/sdk-release-request/issues/6409,1.0.0b1,
azure-mgmt-security,msyyc,msyyc,2025-08-21,2025-08-25,https://github.com/Azure/sdk-release-request/issues/6498,8.0.0b1,
azure-mgmt-web,msyyc,msyyc,2025-08-21,2025-08-25,https://github.com/Azure/sdk-release-request/issues/6499,10.0.0,True
azure-mgmt-compute,msyyc,msyyc,2025-08-22,2025-08-25,https://github.com/Azure/sdk-release-request/issues/6500,36.0.0,True
azure-mgmt-containerservice,azure-sdk,ChenxiJiang333,2025-08-20,2025-08-21,https://github.com/Azure/sdk-release-request/issues/6497,39.1.0,True
azure-mgmt-workloadorchestration,azure-sdk,ChenxiJiang333,2025-07-16,2025-08-19,https://github.com/Azure/sdk-release-request/issues/6423,1.0.0b1,
azure-mgmt-appcontainers,azure-sdk,ChenxiJiang333,2025-08-12,2025-08-19,https://github.com/Azure/sdk-release-request/issues/6481,4.0.0b1,
azure-mgmt-netapp,azure-sdk,ChenxiJiang333,2025-08-05,2025-08-18,https://github.com/Azure/sdk-release-request/issues/6456,13.7.0,True
azure-mgmt-msi,msyyc,msyyc,2025-08-15,2025-08-18,https://github.com/Azure/sdk-release-request/issues/6492,8.0.0b1,
azure-mgmt-containerregistry,msyyc,msyyc,2025-08-15,2025-08-18,https://github.com/Azure/sdk-release-request/issues/6493,14.1.0b2,
azure-mgmt-iothub,msyyc,msyyc,2025-08-12,2025-08-14,https://github.com/Azure/sdk-release-request/issues/6477,5.0.0b1,
azure-mgmt-databoxedge,msyyc,msyyc,2025-08-06,2025-08-06,https://github.com/Azure/sdk-release-request/issues/6458,3.0.0b1,
azure-mgmt-monitor,msyyc,msyyc,2025-08-05,2025-08-06,https://github.com/Azure/sdk-release-request/issues/6452,8.0.0b1,
azure-mgmt-sql,azure-sdk,ChenxiJiang333,2025-07-21,2025-07-30,https://github.com/Azure/sdk-release-request/issues/6435,4.0.0b22,
azure-mgmt-sql,azure-sdk,ChenxiJiang333,2025-07-25,2025-07-30,https://github.com/Azure/sdk-release-request/issues/6446,4.0.0b22,
azure-mgmt-dellstorage,azure-sdk,ChenxiJiang333,2025-04-30,2025-07-29,https://github.com/Azure/sdk-release-request/issues/6117,1.0.0b1,
azure-mgmt-monitor,msyyc,ChenxiJiang333,2025-07-25,2025-07-28,https://github.com/Azure/sdk-release-request/issues/6442,7.0.0,True
azure-mgmt-applicationinsights,msyyc,msyyc,2025-07-24,2025-07-25,https://github.com/Azure/sdk-release-request/issues/6441,5.0.0b1,
azure-mgmt-compute,azure-sdk,ChenxiJiang333,2025-06-26,2025-07-25,https://github.com/Azure/sdk-release-request/issues/6365,35.0.0,True
azure-mgmt-carbonoptimization,azure-sdk,ChenxiJiang333,2025-06-19,2025-07-25,https://github.com/Azure/sdk-release-request/issues/6325,1.0.0,True
azure-mgmt-authorization,msyyc,msyyc,2025-07-23,2025-07-24,https://github.com/Azure/sdk-release-request/issues/6440,5.0.0b1,
azure-mgmt-storagediscovery,azure-sdk,ChenxiJiang333,2025-07-15,2025-07-23,https://github.com/Azure/sdk-release-request/issues/6417,1.0.0b1,
azure-mgmt-storagediscovery,azure-sdk,ChenxiJiang333,2025-07-22,2025-07-23,https://github.com/Azure/sdk-release-request/issues/6439,1.0.0b1,
azure-mgmt-containerservice,msyyc,msyyc,2025-07-21,2025-07-21,https://github.com/Azure/sdk-release-request/issues/6434,39.0.0,True
azure-mgmt-search,azure-sdk,ChenxiJiang333,2025-04-27,2025-07-21,https://github.com/Azure/sdk-release-request/issues/6107,9.2.0,True
azure-mgmt-cognitiveservices,azure-sdk,ChenxiJiang333,2025-06-13,2025-07-21,https://github.com/Azure/sdk-release-request/issues/6293,13.7.0,True
azure-mgmt-monitor,ChenxiJiang333,ChenxiJiang333,2025-06-18,2025-07-21,https://github.com/Azure/sdk-release-request/issues/6307,7.0.0b3,
azure-mgmt-msi,azure-sdk,ChenxiJiang333,2025-06-24,2025-07-21,https://github.com/Azure/sdk-release-request/issues/6347,7.1.0,True
azure-mgmt-netapp,azure-sdk,ChenxiJiang333,2025-06-24,2025-07-21,https://github.com/Azure/sdk-release-request/issues/6356,13.6.0,True
azure-mgmt-eventgrid,azure-sdk,ChenxiJiang333,2025-07-02,2025-07-21,https://github.com/Azure/sdk-release-request/issues/6381,10.5.0b1,
azure-mgmt-policyinsights,azure-sdk,ChenxiJiang333,2025-07-04,2025-07-21,https://github.com/Azure/sdk-release-request/issues/6390,1.1.0b5,
azure-mgmt-resource,msyyc,msyyc,2025-07-16,2025-07-18,https://github.com/Azure/sdk-release-request/issues/6425,25.0.0b1,
azure-mgmt-eventhub,msyyc,msyyc,2025-07-15,2025-07-16,https://github.com/Azure/sdk-release-request/issues/6415,12.0.0b1,
azure-mgmt-servicebus,msyyc,msyyc,2025-07-15,2025-07-16,https://github.com/Azure/sdk-release-request/issues/6414,10.0.0b1,
azure-mgmt-playwright,azure-sdk,ChenxiJiang333,2025-06-17,2025-07-15,https://github.com/Azure/sdk-release-request/issues/6300,1.0.0b1,
azure-mgmt-containerservice,azure-sdk,ChenxiJiang333,2025-06-24,2025-07-15,https://github.com/Azure/sdk-release-request/issues/6343,38.0.0,True
azure-mgmt-dns,msyyc,msyyc,2025-07-10,2025-07-15,https://github.com/Azure/sdk-release-request/issues/6400,9.0.0,True
azure-mgmt-avs,azure-sdk,ChenxiJiang333,2025-04-29,2025-07-14,https://github.com/Azure/sdk-release-request/issues/6110,9.1.0,True
azure-mgmt-servicefabricmanagedclusters,azure-sdk,ChenxiJiang333,2025-05-21,2025-07-14,https://github.com/Azure/sdk-release-request/issues/6223,2.1.0b3,
azure-mgmt-keyvault,msyyc,msyyc,2025-07-11,2025-07-11,https://github.com/Azure/sdk-release-request/issues/6405,12.0.0,True
azure-mgmt-iotfirmwaredefense,azure-sdk,ChenxiJiang333,2025-04-18,2025-07-10,https://github.com/Azure/sdk-release-request/issues/6077,2.0.0b1,
azure-mgmt-arizeaiobservabilityeval,azure-sdk,ChenxiJiang333,2025-05-06,2025-07-10,https://github.com/Azure/sdk-release-request/issues/6141,1.0.0,True
azure-mgmt-cloudhealth,azure-sdk,ChenxiJiang333,2025-05-30,2025-07-10,https://github.com/Azure/sdk-release-request/issues/6257,1.0.0b1,
azure-mgmt-mongodbatlas,azure-sdk,ChenxiJiang333,2025-06-18,2025-07-10,https://github.com/Azure/sdk-release-request/issues/6310,1.0.0,True
azure-mgmt-containerservicesafeguards,azure-sdk,ChenxiJiang333,2025-06-20,2025-07-10,https://github.com/Azure/sdk-release-request/issues/6332,1.0.0b1,
azure-mgmt-purestorageblock,azure-sdk,ChenxiJiang333,2025-06-23,2025-07-10,https://github.com/Azure/sdk-release-request/issues/6338,1.0.0,True
azure-mgmt-servicefabricmanagedclusters,azure-sdk,ChenxiJiang333,2025-06-24,2025-07-10,https://github.com/Azure/sdk-release-request/issues/6350,2.1.0b3,
azure-mgmt-storageactions,azure-sdk,ChenxiJiang333,2025-06-26,2025-07-10,https://github.com/Azure/sdk-release-request/issues/6359,1.0.0,True
azure-mgmt-storage,azure-sdk,ChenxiJiang333,2025-06-19,2025-06-30,https://github.com/Azure/sdk-release-request/issues/6320,23.0.1,True
azure-mgmt-oracledatabase,azure-sdk,ChenxiJiang333,2025-06-03,2025-06-26,https://github.com/Azure/sdk-release-request/issues/6262,2.0.0,True
azure-mgmt-computeschedule,azure-sdk,ChenxiJiang333,2025-06-03,2025-06-26,https://github.com/Azure/sdk-release-request/issues/6268,1.1.0,True
azure-mgmt-resource-deployments,msyyc,msyyc,2025-06-20,2025-06-20,https://github.com/Azure/sdk-release-request/issues/6327,1.0.0b1,
azure-mgmt-resource,azure-sdk,ChenxiJiang333,2025-05-14,2025-06-18,https://github.com/Azure/sdk-release-request/issues/6209,24.0.0,True
azure-mgmt-kubernetesconfiguration-privatelinkscopes,azure-sdk,ChenxiJiang333,2025-05-23,2025-06-17,https://github.com/Azure/sdk-release-request/issues/6231,1.0.0b1,
azure-mgmt-web,azure-sdk,ChenxiJiang333,2025-05-29,2025-06-17,https://github.com/Azure/sdk-release-request/issues/6255,9.0.0,True
azure-mgmt-hybridcompute,azure-sdk,ChenxiJiang333,2025-05-12,2025-06-17,https://github.com/Azure/sdk-release-request/issues/6195,9.1.0b2,
azure-mgmt-appconfiguration,azure-sdk,ChenxiJiang333,2025-05-26,2025-06-17,https://github.com/Azure/sdk-release-request/issues/6241,5.0.0,True
azure-mgmt-datamigration,azure-sdk,ChenxiJiang333,2025-06-05,2025-06-17,https://github.com/Azure/sdk-release-request/issues/6273,10.1.0b2,
azure-mgmt-planetarycomputer,azure-sdk,ChenxiJiang333,2025-05-06,2025-06-17,https://github.com/Azure/sdk-release-request/issues/6159,1.0.0b1,
azure-mgmt-monitor,ChenxiJiang333,ChenxiJiang333,2025-06-16,2025-06-17,https://github.com/Azure/sdk-release-request/issues/6295,7.0.0b2,
azure-mgmt-dnsresolver,azure-sdk,ChenxiJiang333,2025-05-27,2025-06-16,https://github.com/Azure/sdk-release-request/issues/6246,1.1.0,True
azure-mgmt-networkcloud,azure-sdk,ChenxiJiang333,2025-05-12,2025-06-16,https://github.com/Azure/sdk-release-request/issues/6200,2.1.0,True
azure-mgmt-chaos,azure-sdk,ChenxiJiang333,2025-04-30,2025-06-12,https://github.com/Azure/sdk-release-request/issues/6129,2.0.0,True
azure-mgmt-onlineexperimentation,azure-sdk,ChenxiJiang333,2025-04-08,2025-06-12,https://github.com/Azure/sdk-release-request/issues/6027,1.0.0b1,
azure-mgmt-mongodbatlas,azure-sdk,ChenxiJiang333,2025-05-01,2025-06-12,https://github.com/Azure/sdk-release-request/issues/6131,1.0.0b1,
azure-mgmt-purestorageblock,azure-sdk,ChenxiJiang333,2025-05-09,2025-06-12,https://github.com/Azure/sdk-release-request/issues/6169,1.0.0b1,
azure-mgmt-containerservice,azure-sdk,ChenxiJiang333,2025-06-03,2025-06-11,https://github.com/Azure/sdk-release-request/issues/6272,37.0.0,True
azure-mgmt-resource-deploymentscripts,msyyc,ChenxiJiang333,2025-06-06,2025-06-10,https://github.com/Azure/sdk-release-request/issues/6274,1.0.0b1,
azure-mgmt-resource-templatespecs,msyyc,ChenxiJiang333,2025-06-06,2025-06-10,https://github.com/Azure/sdk-release-request/issues/6275,1.0.0b1,
azure-mgmt-resource-deploymentstacks,msyyc,ChenxiJiang333,2025-06-06,2025-06-10,https://github.com/Azure/sdk-release-request/issues/6276,1.0.0b1,
azure-mgmt-recoveryservices,azure-sdk,ChenxiJiang333,2025-05-26,2025-06-05,https://github.com/Azure/sdk-release-request/issues/6236,3.1.0,True
azure-mgmt-sitemanager,azure-sdk,ChenxiJiang333,2025-05-07,2025-06-03,https://github.com/Azure/sdk-release-request/issues/6160,1.0.0b1,
azure-mgmt-secretsstoreextension,azure-sdk,ChenxiJiang333,2025-04-24,2025-06-03,https://github.com/Azure/sdk-release-request/issues/6102,1.0.0b1,
azure-mgmt-network,azure-sdk,ChenxiJiang333,2025-05-19,2025-05-23,https://github.com/Azure/sdk-release-request/issues/6215,29.0.0,True
azure-mgmt-kubernetesconfiguration-extensions,azure-sdk,ChenxiJiang333,2025-05-08,2025-05-22,https://github.com/Azure/sdk-release-request/issues/6167,1.0.0b1,
azure-mgmt-kubernetesconfiguration-extensiontypes,azure-sdk,ChenxiJiang333,2025-05-09,2025-05-22,https://github.com/Azure/sdk-release-request/issues/6176,1.0.0b1,
azure-mgmt-kubernetesconfiguration-fluxconfigurations,azure-sdk,ChenxiJiang333,2025-05-09,2025-05-22,https://github.com/Azure/sdk-release-request/issues/6181,1.0.0b1,
azure-mgmt-storage,ChenxiJiang333,ChenxiJiang333,2025-05-14,2025-05-22,https://github.com/Azure/sdk-release-request/issues/6211,23.0.0,True
azure-mgmt-netapp,azure-sdk,ChenxiJiang333,2025-04-15,2025-05-22,https://github.com/Azure/sdk-release-request/issues/6060,14.0.0b1,
azure-mgmt-resource,azure-sdk,ChenxiJiang333,2025-04-22,2025-05-21,https://github.com/Azure/sdk-release-request/issues/6084,23.4.0,True
azure-mgmt-confidentialledger,azure-sdk,ChenxiJiang333,2025-05-05,2025-05-19,https://github.com/Azure/sdk-release-request/issues/6138,2.0.0b5,
azure-mgmt-postgresqlflexibleservers,azure-sdk,ChenxiJiang333,2025-05-06,2025-05-19,https://github.com/Azure/sdk-release-request/issues/6155,1.2.0b1,
azure-mgmt-containerservice,azure-sdk,ChenxiJiang333,2025-05-12,2025-05-19,https://github.com/Azure/sdk-release-request/issues/6191,36.0.0,True
azure-mgmt-servicenetworking,azure-sdk,ChenxiJiang333,2025-04-23,2025-05-19,https://github.com/Azure/sdk-release-request/issues/6098,2.1.0b1,
azure-mgmt-cognitiveservices,azure-sdk,ChenxiJiang333,2025-05-10,2025-05-15,https://github.com/Azure/sdk-release-request/issues/6186,13.7.0b1,
azure-mgmt-containerservicefleet,azure-sdk,ChenxiJiang333,2025-04-01,2025-05-08,https://github.com/Azure/sdk-release-request/issues/5987,3.1.0,True
azure-mgmt-lambdatesthyperexecute,azure-sdk,ChenxiJiang333,2025-04-10,2025-05-08,https://github.com/Azure/sdk-release-request/issues/6037,1.0.0b1,
azure-mgmt-carbonoptimization,azure-sdk,ChenxiJiang333,2025-04-16,2025-05-08,https://github.com/Azure/sdk-release-request/issues/6064,1.0.0b1,
azure-mgmt-lambdatesthyperexecute,azure-sdk,ChenxiJiang333,2025-05-06,2025-05-08,https://github.com/Azure/sdk-release-request/issues/6151,1.0.0b1,
azure-mgmt-portalservicescopilot,azure-sdk,ChenxiJiang333,2025-04-10,2025-05-08,https://github.com/Azure/sdk-release-request/issues/6045,1.0.0b1,
azure-mgmt-durabletask,azure-sdk,ChenxiJiang333,2025-04-14,2025-05-08,https://github.com/Azure/sdk-release-request/issues/6053,1.0.0b2,
azure-mgmt-cosmosdb,azure-sdk,ChenxiJiang333,2025-04-30,2025-05-07,https://github.com/Azure/sdk-release-request/issues/6124,9.8.0,True
azure-mgmt-workloadssapvirtualinstance,azure-sdk,ChenxiJiang333,2024-09-27,2025-04-30,https://github.com/Azure/sdk-release-request/issues/5540,1.0.0,True
azure-mgmt-containerregistry,azure-sdk,ChenxiJiang333,2025-04-22,2025-04-29,https://github.com/Azure/sdk-release-request/issues/6093,14.0.0,True
azure-mgmt-redisenterprise,azure-sdk,ChenxiJiang333,2025-04-09,2025-04-28,https://github.com/Azure/sdk-release-request/issues/6035,3.1.0b4,
azure-mgmt-recoveryservicessiterecovery,azure-sdk,ChenxiJiang333,2025-04-17,2025-04-23,https://github.com/Azure/sdk-release-request/issues/6069,1.3.0,True
azure-mgmt-servicebus,ChenxiJiang333,ChenxiJiang333,2025-04-21,2025-04-22,https://github.com/Azure/sdk-release-request/issues/6080,9.0.0,True
azure-mgmt-dependencymap,azure-sdk,ChenxiJiang333,2025-03-21,2025-04-22,https://github.com/Azure/sdk-release-request/issues/5961,1.0.0b1,
azure-mgmt-standbypool,azure-sdk,ChenxiJiang333,2025-03-28,2025-04-22,https://github.com/Azure/sdk-release-request/issues/5972,2.0.0,True
azure-mgmt-apimanagement,azure-sdk,ChenxiJiang333,2025-03-28,2025-04-22,https://github.com/Azure/sdk-release-request/issues/5977,5.0.0,True
azure-mgmt-neonpostgres,azure-sdk,ChenxiJiang333,2025-04-03,2025-04-22,https://github.com/Azure/sdk-release-request/issues/6010,1.0.0,True
azure-mgmt-redisenterprise,azure-sdk,ChenxiJiang333,2025-04-09,2025-04-22,https://github.com/Azure/sdk-release-request/issues/6035,3.1.0b3,
azure-mgmt-containerregistry,azure-sdk,ChenxiJiang333,2025-04-10,2025-04-22,https://github.com/Azure/sdk-release-request/issues/6043,13.0.0,True
azure-mgmt-datafactory,azure-sdk,ChenxiJiang333,2025-03-18,2025-04-21,https://github.com/Azure/sdk-release-request/issues/5956,9.2.0,True
azure-mgmt-appcontainers,azure-sdk,ChenxiJiang333,2025-03-27,2025-04-21,https://github.com/Azure/sdk-release-request/issues/5967,3.2.0,True
azure-mgmt-networkcloud,azure-sdk,ChenxiJiang333,2025-04-01,2025-04-21,https://github.com/Azure/sdk-release-request/issues/5985,2.1.0b1,
azure-mgmt-storageactions,azure-sdk,ChenxiJiang333,2025-04-02,2025-04-21,https://github.com/Azure/sdk-release-request/issues/5994,1.0.0b2,
azure-mgmt-storage,azure-sdk,ChenxiJiang333,2025-04-03,2025-04-21,https://github.com/Azure/sdk-release-request/issues/6000,22.2.0,True
azure-mgmt-elasticsan,azure-sdk,ChenxiJiang333,2025-04-03,2025-04-21,https://github.com/Azure/sdk-release-request/issues/6005,1.2.0b2,
azure-mgmt-netapp,azure-sdk,ChenxiJiang333,2025-04-03,2025-04-21,https://github.com/Azure/sdk-release-request/issues/6015,13.5.0,True
azure-mgmt-netapp,azure-sdk,ChenxiJiang333,2025-04-15,2025-04-21,https://github.com/Azure/sdk-release-request/issues/6060,13.5.0,True
azure-mgmt-recoveryservicesbackup,azure-sdk,ChenxiJiang333,2025-04-08,2025-04-17,https://github.com/Azure/sdk-release-request/issues/6024,9.2.0,True
azure-mgmt-containerservice,azure-sdk,ChenxiJiang333,2025-04-11,2025-04-15,https://github.com/Azure/sdk-release-request/issues/6052,35.0.0,True
azure-mgmt-iothub,ChenxiJiang333,ChenxiJiang333,2025-04-08,2025-04-09,https://github.com/Azure/sdk-release-request/issues/6019,4.0.0,True
azure-mgmt-search,azure-sdk,ChenxiJiang333,2025-01-13,2025-04-02,https://github.com/Azure/sdk-release-request/issues/5820,9.2.0b3,
azure-mgmt-weightsandbiases,azure-sdk,ChenxiJiang333,2025-03-11,2025-04-02,https://github.com/Azure/sdk-release-request/issues/5930,1.0.0b1,
azure-mgmt-hybridconnectivity,azure-sdk,ChenxiJiang333,2025-01-10,2025-04-02,https://github.com/Azure/sdk-release-request/issues/5814,2.0.0b1,
azure-mgmt-edgezones,ChenxiJiang333,ChenxiJiang333,2025-04-01,2025-04-02,https://github.com/Azure/sdk-release-request/issues/5981,1.0.0b2,
azure-mgmt-arizeaiobservabilityeval,azure-sdk,ChenxiJiang333,2025-03-11,2025-04-01,https://github.com/Azure/sdk-release-request/issues/5935,1.0.0b1,
azure-mgmt-sql,azure-sdk,ChenxiJiang333,2025-03-12,2025-03-26,https://github.com/Azure/sdk-release-request/issues/5937,4.0.0b21,
azure-mgmt-hybridkubernetes,azure-sdk,ChenxiJiang333,2025-03-14,2025-03-26,https://github.com/Azure/sdk-release-request/issues/5946,1.2.0b2,
azure-mgmt-postgresqlflexibleservers,nasc17,ChenxiJiang333,2025-03-21,2025-03-25,https://github.com/Azure/sdk-release-request/issues/5963,1.1.0,True
azure-mgmt-durabletask,azure-sdk,ChenxiJiang333,2024-11-15,2025-03-25,https://github.com/Azure/sdk-release-request/issues/5725,1.0.0b1,
azure-mgmt-pineconevectordb,azure-sdk,ChenxiJiang333,2024-12-11,2025-03-24,https://github.com/Azure/sdk-release-request/issues/5777,1.0.0b2,
azure-mgmt-eventgrid,azure-sdk,ChenxiJiang333,2025-02-18,2025-03-24,https://github.com/Azure/sdk-release-request/issues/5895,10.4.0,True
azure-mgmt-compute,azure-sdk,ChenxiJiang333,2025-03-10,2025-03-24,https://github.com/Azure/sdk-release-request/issues/5925,34.1.0,True
azure-mgmt-containerservice,azure-sdk,ChenxiJiang333,2025-03-13,2025-03-18,https://github.com/Azure/sdk-release-request/issues/5941,34.2.0,True
azure-mgmt-databox,azure-sdk,ChenxiJiang333,2025-03-07,2025-03-18,https://github.com/Azure/sdk-release-request/issues/5920,3.1.0,True
azure-mgmt-keyvault,azure-sdk,ChenxiJiang333,2025-02-24,2025-03-13,https://github.com/Azure/sdk-release-request/issues/5902,11.0.0,True
azure-mgmt-applicationinsights,azure-sdk,ChenxiJiang333,2025-01-28,2025-03-06,https://github.com/Azure/sdk-release-request/issues/5856,4.1.0,True
azure-mgmt-storage,azure-sdk,ChenxiJiang333,2025-02-11,2025-03-01,https://github.com/Azure/sdk-release-request/issues/5885,22.1.1,True
azure-mgmt-databasewatcher,azure-sdk,ChenxiJiang333,2025-01-23,2025-03-01,https://github.com/Azure/sdk-release-request/issues/5836,1.0.0b1,
azure-mgmt-deviceregistry,azure-sdk,ChenxiJiang333,2025-02-06,2025-03-01,https://github.com/Azure/sdk-release-request/issues/5880,1.0.0,True
azure-mgmt-migrationassessment,azure-sdk,ChenxiJiang333,2025-02-25,2025-03-01,https://github.com/Azure/sdk-release-request/issues/5909,1.0.0b1,
azure-mgmt-impactreporting,azure-sdk,ChenxiJiang333,2025-01-23,2025-02-27,https://github.com/Azure/sdk-release-request/issues/5846,1.0.0b1,
azure-mgmt-quota,azure-sdk,ChenxiJiang333,2025-01-31,2025-02-26,https://github.com/Azure/sdk-release-request/issues/5866,2.0.0,True
azure-mgmt-nginx,azure-sdk,ChenxiJiang333,2025-02-03,2025-02-26,https://github.com/Azure/sdk-release-request/issues/5871,3.1.0b2,
azure-mgmt-netapp,azure-sdk,ChenxiJiang333,2025-01-30,2025-02-26,https://github.com/Azure/sdk-release-request/issues/5861,13.4.0,True
azure-mgmt-networkcloud,azure-sdk,ChenxiJiang333,2025-01-15,2025-02-26,https://github.com/Azure/sdk-release-request/issues/5831,2.0.0,True
azure-mgmt-resource,azure-sdk,ChenxiJiang333,2025-02-12,2025-02-26,https://github.com/Azure/sdk-release-request/issues/5889,23.3.0,True
azure-mgmt-containerregistry,ChenxiJiang333,ChenxiJiang333,2025-02-21,2025-02-24,https://github.com/Azure/sdk-release-request/issues/5898,12.0.0,True
azure-mgmt-databoxedge,ChenxiJiang333,ChenxiJiang333,2025-02-19,2025-02-20,https://github.com/Azure/sdk-release-request/issues/5897,2.0.0,True
azure-mgmt-storage,azure-sdk,ChenxiJiang333,2025-02-11,2025-02-19,https://github.com/Azure/sdk-release-request/issues/5885,22.1.0,True
azure-mgmt-containerregistry,azure-sdk,ChenxiJiang333,2024-12-09,2025-02-19,https://github.com/Azure/sdk-release-request/issues/5772,11.0.0,True
azure-mgmt-containerservice,azure-sdk,ChenxiJiang333,2025-02-05,2025-02-19,https://github.com/Azure/sdk-release-request/issues/5875,34.1.0,True
azure-mgmt-monitor,ChenxiJiang333,ChenxiJiang333,2025-02-05,2025-02-08,https://github.com/Azure/sdk-release-request/issues/5876,7.0.0b1,
azure-mgmt-hardwaresecuritymodules,azure-sdk,ChenxiJiang333,2024-10-22,2025-02-06,https://github.com/Azure/sdk-release-request/issues/5627,1.0.0b2,
azure-mgmt-pineconevectordb,azure-sdk,ChenxiJiang333,2024-12-11,2025-02-06,https://github.com/Azure/sdk-release-request/issues/5777,1.0.0b1,
azure-mgmt-servicenetworking,azure-sdk,ChenxiJiang333,2024-12-26,2025-02-05,https://github.com/Azure/sdk-release-request/issues/5794,2.0.0,True
azure-mgmt-kusto,azure-sdk,ChenxiJiang333,2025-01-23,2025-01-24,https://github.com/Azure/sdk-release-request/issues/5851,3.4.0,True
azure-mgmt-web,azure-sdk,ChenxiJiang333,2024-11-11,2025-01-24,https://github.com/Azure/sdk-release-request/issues/5711,8.0.0,True
azure-mgmt-computeschedule,azure-sdk,ChenxiJiang333,2025-01-09,2025-01-22,https://github.com/Azure/sdk-release-request/issues/5809,1.0.0,True
azure-mgmt-quota,azure-sdk,ChenxiJiang333,2025-01-15,2025-01-22,https://github.com/Azure/sdk-release-request/issues/5826,2.0.0b2,
azure-mgmt-eventhub,schaudhari6254888,ChenxiJiang333,2025-01-08,2025-01-21,https://github.com/Azure/sdk-release-request/issues/5802,11.2.0,True
azure-mgmt-storage,ChenxiJiang333,ChenxiJiang333,2025-01-15,2025-01-21,https://github.com/Azure/sdk-release-request/issues/5822,22.0.0,True
azure-mgmt-redis,azure-sdk,ChenxiJiang333,2024-12-16,2025-01-20,https://github.com/Azure/sdk-release-request/issues/5787,14.5.0,True
azure-mgmt-containerservice,ChenxiJiang333,ChenxiJiang333,2025-01-13,2025-01-20,https://github.com/Azure/sdk-release-request/issues/5816,34.0.0,True
azure-mgmt-compute,azure-sdk,ChenxiJiang333,2025-01-06,2025-01-20,https://github.com/Azure/sdk-release-request/issues/5799,34.0.0,True
azure-mgmt-cosmosdb,azure-sdk,ChenxiJiang333,2024-11-18,2024-12-24,https://github.com/Azure/sdk-release-request/issues/5735,10.0.0b5,
azure-mgmt-deviceregistry,azure-sdk,ChenxiJiang333,2024-12-02,2024-12-23,https://github.com/Azure/sdk-release-request/issues/5761,1.0.0b2,
azure-mgmt-network,azure-sdk,ChenxiJiang333,2024-11-20,2024-12-20,https://github.com/Azure/sdk-release-request/issues/5741,28.1.0,True
azure-mgmt-playwrighttesting,azure-sdk,ChenxiJiang333,2024-12-05,2024-12-20,https://github.com/Azure/sdk-release-request/issues/5767,1.0.0,True
azure-mgmt-cognitiveservices,azure-sdk,ChenxiJiang333,2024-11-11,2024-12-19,https://github.com/Azure/sdk-release-request/issues/5716,13.6.0,True
azure-mgmt-iotoperations,azure-sdk,ChenxiJiang333,2024-12-11,2024-12-19,https://github.com/Azure/sdk-release-request/issues/5782,1.0.0,True
azure-mgmt-servicefabricmanagedclusters,azure-sdk,ChenxiJiang333,2024-12-02,2024-12-18,https://github.com/Azure/sdk-release-request/issues/5756,2.1.0b2,
azure-mgmt-datafactory,azure-sdk,ChenxiJiang333,2024-11-15,2024-12-16,https://github.com/Azure/sdk-release-request/issues/5730,9.1.0,True
azure-mgmt-compute,azure-sdk,ChenxiJiang333,2024-11-25,2024-12-16,https://github.com/Azure/sdk-release-request/issues/5751,33.1.0,True
azure-mgmt-postgresqlflexibleservers,nasc17,ChenxiJiang333,2024-12-04,2024-12-16,https://github.com/Azure/sdk-release-request/issues/5763,1.1.0b2,
azure-mgmt-neonpostgres,azure-sdk,ChenxiJiang333,2024-10-23,2024-12-03,https://github.com/Azure/sdk-release-request/issues/5641,1.0.0b1,
azure-mgmt-terraform,azure-sdk,ChenxiJiang333,2024-11-04,2024-11-26,https://github.com/Azure/sdk-release-request/issues/5664,1.0.0b1,
azure-mgmt-connectedcache,azure-sdk,ChenxiJiang333,2024-11-07,2024-11-26,https://github.com/Azure/sdk-release-request/issues/5699,1.0.0b1,
azure-mgmt-healthdataaiservices,azure-sdk,ChenxiJiang333,2024-11-05,2024-11-21,https://github.com/Azure/sdk-release-request/issues/5684,1.0.0,True
azure-mgmt-networkcloud,azure-sdk,ChenxiJiang333,2024-11-06,2024-11-21,https://github.com/Azure/sdk-release-request/issues/5694,2.0.0b1,
azure-mgmt-devopsinfrastructure,azure-sdk,ChenxiJiang333,2024-10-16,2024-11-21,https://github.com/Azure/sdk-release-request/issues/5622,1.0.0,True
azure-mgmt-cosmosdb,azure-sdk,ChenxiJiang333,2024-11-13,2024-11-19,https://github.com/Azure/sdk-release-request/issues/5720,9.7.0,True
azure-mgmt-mysqlflexibleservers,azure-sdk,ChenxiJiang333,2024-11-04,2024-11-18,https://github.com/Azure/sdk-release-request/issues/5675,1.0.0b3,
azure-mgmt-netapp,azure-sdk,ChenxiJiang333,2024-11-07,2024-11-18,https://github.com/Azure/sdk-release-request/issues/5704,13.4.0b1,
azure-mgmt-hybridcompute,azure-sdk,ChenxiJiang333,2024-10-23,2024-11-15,https://github.com/Azure/sdk-release-request/issues/5636,9.1.0b1,
azure-mgmt-containerservice,azure-sdk,ChenxiJiang333,2024-10-30,2024-11-08,https://github.com/Azure/sdk-release-request/issues/5659,33.0.0,True
azure-mgmt-managedservices,ChenxiJiang333,ChenxiJiang333,2024-11-04,2024-11-05,https://github.com/Azure/sdk-release-request/issues/5670,7.0.0b2,
azure-mgmt-managementgroups,ChenxiJiang333,ChenxiJiang333,2024-11-04,2024-11-05,https://github.com/Azure/sdk-release-request/issues/5671,1.1.0b2,
azure-mgmt-marketplaceordering,ChenxiJiang333,ChenxiJiang333,2024-11-04,2024-11-05,https://github.com/Azure/sdk-release-request/issues/5672,1.2.0b2,
azure-mgmt-servicebus,ChenxiJiang333,ChenxiJiang333,2024-11-04,2024-11-05,https://github.com/Azure/sdk-release-request/issues/5674,8.2.1,True
azure-mgmt-automation,ChenxiJiang333,ChenxiJiang333,2024-11-04,2024-11-05,https://github.com/Azure/sdk-release-request/issues/5666,1.1.0b4,
azure-mgmt-loganalytics,ChenxiJiang333,ChenxiJiang333,2024-11-04,2024-11-05,https://github.com/Azure/sdk-release-request/issues/5669,13.0.0b7,
azure-mgmt-sql,azure-sdk,ChenxiJiang333,2024-10-02,2024-11-04,https://github.com/Azure/sdk-release-request/issues/5557,4.0.0b20,
azure-mgmt-devtestlabs,ChenxiJiang333,ChenxiJiang333,2024-11-04,2024-11-04,https://github.com/Azure/sdk-release-request/issues/5667,10.0.0b2,
azure-mgmt-postgresqlflexibleservers,nasc17,ChenxiJiang333,2024-10-29,2024-11-04,https://github.com/Azure/sdk-release-request/issues/5655,1.1.0b1,
azure-mgmt-network,ChenxiJiang333,ChenxiJiang333,2024-10-29,2024-11-01,https://github.com/Azure/sdk-release-request/issues/5653,28.0.0,True
azure-mgmt-containerservicefleet,ChenxiJiang333,ChenxiJiang333,2024-10-29,2024-11-01,https://github.com/Azure/sdk-release-request/issues/5648,3.0.0,True
azure-mgmt-digitaltwins,ChenxiJiang333,ChenxiJiang333,2024-10-29,2024-10-30,https://github.com/Azure/sdk-release-request/issues/5650,7.0.0,True
azure-mgmt-extendedlocation,ChenxiJiang333,ChenxiJiang333,2024-10-29,2024-10-30,https://github.com/Azure/sdk-release-request/issues/5652,2.0.0,True
azure-mgmt-resourcehealth,ChenxiJiang333,ChenxiJiang333,2024-10-29,2024-10-30,https://github.com/Azure/sdk-release-request/issues/5646,1.0.0b6,
azure-mgmt-appconfiguration,ChenxiJiang333,ChenxiJiang333,2024-10-29,2024-10-30,https://github.com/Azure/sdk-release-request/issues/5647,4.0.0,True
azure-mgmt-databox,ChenxiJiang333,ChenxiJiang333,2024-10-29,2024-10-30,https://github.com/Azure/sdk-release-request/issues/5649,3.0.0,True
azure-mgmt-edgeorder,ChenxiJiang333,ChenxiJiang333,2024-10-29,2024-10-30,https://github.com/Azure/sdk-release-request/issues/5651,2.0.0,True
azure-mgmt-redhatopenshift,ChenxiJiang333,ChenxiJiang333,2024-10-29,2024-10-30,https://github.com/Azure/sdk-release-request/issues/5645,2.0.0,True
azure-mgmt-appplatform,ChenxiJiang333,ChenxiJiang333,2024-10-24,2024-10-29,https://github.com/Azure/sdk-release-request/issues/5643,10.0.0,True
azure-mgmt-appcontainers,azure-sdk,ChenxiJiang333,2024-10-10,2024-10-28,https://github.com/Azure/sdk-release-request/issues/5587,3.2.0b1,
azure-mgmt-netapp,azure-sdk,ChenxiJiang333,2024-10-14,2024-10-24,https://github.com/Azure/sdk-release-request/issues/5612,13.3.0,True
azure-mgmt-fabric,azure-sdk,ChenxiJiang333,2024-08-12,2024-10-24,https://github.com/Azure/sdk-release-request/issues/5419,1.0.0,True
azure-mgmt-resource,azure-sdk,ChenxiJiang333,2024-09-25,2024-10-24,https://github.com/Azure/sdk-release-request/issues/5535,23.2.0,True
azure-mgmt-containerorchestratorruntime,azure-sdk,ChenxiJiang333,2024-09-13,2024-10-24,https://github.com/Azure/sdk-release-request/issues/5494,1.0.0b1,
azure-mgmt-elastic,azure-sdk,ChenxiJiang333,2024-09-16,2024-10-24,https://github.com/Azure/sdk-release-request/issues/5509,1.1.0b4,
azure-mgmt-iotoperations,azure-sdk,ChenxiJiang333,2024-10-07,2024-10-24,https://github.com/Azure/sdk-release-request/issues/5577,1.0.0b1,
azure-mgmt-dnsresolver,azure-sdk,ChenxiJiang333,2024-10-11,2024-10-24,https://github.com/Azure/sdk-release-request/issues/5607,1.1.0b2,
azure-mgmt-computefleet,azure-sdk,ChenxiJiang333,2024-10-10,2024-10-23,https://github.com/Azure/sdk-release-request/issues/5597,1.0.0,True
azure-mgmt-containerinstance,azure-sdk,ChenxiJiang333,2024-10-04,2024-10-21,https://github.com/Azure/sdk-release-request/issues/5567,10.2.0b1,
azure-mgmt-elasticsan,azure-sdk,ChenxiJiang333,2024-10-11,2024-10-21,https://github.com/Azure/sdk-release-request/issues/5602,1.2.0b1,
azure-mgmt-containerservicefleet,azure-sdk,ChenxiJiang333,2024-09-24,2024-10-21,https://github.com/Azure/sdk-release-request/issues/5520,2.1.0,True
azure-mgmt-dns,azure-sdk,ChenxiJiang333,2024-09-25,2024-10-21,https://github.com/Azure/sdk-release-request/issues/5529,8.2.0,True
azure-mgmt-appconfiguration,azure-sdk,ChenxiJiang333,2024-09-28,2024-10-21,https://github.com/Azure/sdk-release-request/issues/5545,3.1.0,True
azure-mgmt-servicefabricmanagedclusters,azure-sdk,ChenxiJiang333,2024-10-01,2024-10-21,https://github.com/Azure/sdk-release-request/issues/5555,2.1.0b1,
azure-mgmt-redisenterprise,azure-sdk,ChenxiJiang333,2024-09-13,2024-10-16,https://github.com/Azure/sdk-release-request/issues/5503,3.1.0b2,
azure-mgmt-hybridcompute,azure-sdk,ChenxiJiang333,2024-10-09,2024-10-14,https://github.com/Azure/sdk-release-request/issues/5582,9.0.0,True
azure-mgmt-postgresqlflexibleservers,nasc17,ChenxiJiang333,2024-10-03,2024-10-11,https://github.com/Azure/sdk-release-request/issues/5563,1.0.0,True
azure-mgmt-rdbms,ChenxiJiang333,ChenxiJiang333,2024-08-07,2024-10-11,https://github.com/Azure/sdk-release-request/issues/5405,10.2.0b18,
azure-mgmt-containerservice,azure-sdk,ChenxiJiang333,2024-09-24,2024-10-11,https://github.com/Azure/sdk-release-request/issues/5523,32.1.0,True
azure-mgmt-servicelinker,azure-sdk,ChenxiJiang333,2024-09-29,2024-10-11,https://github.com/Azure/sdk-release-request/issues/5550,1.2.0b3,
azure-mgmt-fabric,azure-sdk,ChenxiJiang333,2024-08-12,2024-10-09,https://github.com/Azure/sdk-release-request/issues/5419,1.0.0b1,
azure-mgmt-servicenetworking,azure-sdk,ChenxiJiang333,2024-07-18,2024-09-29,https://github.com/Azure/sdk-release-request/issues/5350,1.1.0b1,
azure-mgmt-trustedsigning,azure-sdk,ChenxiJiang333,2024-09-27,2024-09-29,https://github.com/Azure/sdk-release-request/issues/5544,1.0.0b1,
azure-mgmt-mongocluster,azure-sdk,ChenxiJiang333,2024-08-19,2024-09-27,https://github.com/Azure/sdk-release-request/issues/5433,1.0.0,True
azure-mgmt-computeschedule,azure-sdk,ChenxiJiang333,2024-09-13,2024-09-27,https://github.com/Azure/sdk-release-request/issues/5498,1.0.0b1,
azure-mgmt-mysqlflexibleservers,azure-sdk,ChenxiJiang333,2024-09-25,2024-09-26,https://github.com/Azure/sdk-release-request/issues/5531,1.0.0b2,
azure-mgmt-network,azure-sdk,ChenxiJiang333,2024-09-10,2024-09-25,https://github.com/Azure/sdk-release-request/issues/5480,27.0.0,True
azure-mgmt-cosmosdb,azure-sdk,ChenxiJiang333,2024-09-09,2024-09-25,https://github.com/Azure/sdk-release-request/issues/5476,10.0.0b4,
azure-mgmt-batch,azure-sdk,ChenxiJiang333,2024-08-22,2024-09-25,https://github.com/Azure/sdk-release-request/issues/5439,18.0.0,True
azure-mgmt-standbypool,azure-sdk,ChenxiJiang333,2024-08-22,2024-09-25,https://github.com/Azure/sdk-release-request/issues/5444,1.0.0,True
azure-mgmt-avs,azure-sdk,ChenxiJiang333,2024-05-08,2024-09-25,https://github.com/Azure/sdk-release-request/issues/5191,9.0.0,True
azure-mgmt-fabric,azure-sdk,ChenxiJiang333,2024-08-12,2024-09-25,https://github.com/Azure/sdk-release-request/issues/5419,1.0.0b1,
azure-mgmt-webpubsub,azure-sdk,ChenxiJiang333,2024-08-26,2024-09-25,https://github.com/Azure/sdk-release-request/issues/5449,2.0.0,True
azure-mgmt-desktopvirtualization,azure-sdk,ChenxiJiang333,2024-08-30,2024-09-24,https://github.com/Azure/sdk-release-request/issues/5453,2.0.0,True
azure-mgmt-mongocluster,azure-sdk,ChenxiJiang333,2024-09-12,2024-09-24,https://github.com/Azure/sdk-release-request/issues/5489,1.0.0b2,
azure-mgmt-elasticsan,azure-sdk,ChenxiJiang333,2024-08-07,2024-09-23,https://github.com/Azure/sdk-release-request/issues/5403,1.1.0,True
azure-mgmt-privatedns,azure-sdk,ChenxiJiang333,2024-09-06,2024-09-23,https://github.com/Azure/sdk-release-request/issues/5467,1.2.0,True
azure-mgmt-cosmosdb,azure-sdk,ChenxiJiang333,2024-09-09,2024-09-19,https://github.com/Azure/sdk-release-request/issues/5472,9.6.0,True
azure-mgmt-cosmosdb,azure-sdk,ChenxiJiang333,2024-09-09,2024-09-19,https://github.com/Azure/sdk-release-request/issues/5476,9.6.0,True
azure-mgmt-containerservice,azure-sdk,ChenxiJiang333,2024-09-02,2024-09-13,https://github.com/Azure/sdk-release-request/issues/5463,32.0.0,True
azure-mgmt-hdinsight,ChenxiJiang333,ChenxiJiang333,2024-09-10,2024-09-10,https://github.com/Azure/sdk-release-request/issues/5482,9.1.0b1,
azure-mgmt-sql,azure-sdk,ChenxiJiang333,2024-07-26,2024-09-09,https://github.com/Azure/sdk-release-request/issues/5380,4.0.0b19,
azure-mgmt-billing,azure-sdk,ChenxiJiang333,2024-08-30,2024-09-05,https://github.com/Azure/sdk-release-request/issues/5458,7.0.0,True
azure-mgmt-qumulo,azure-sdk,ChenxiJiang333,2024-07-09,2024-09-05,https://github.com/Azure/sdk-release-request/issues/5327,2.0.0,True
azure-mgmt-eventhub,schaudhari6254888,ChenxiJiang333,2024-07-05,2024-09-04,https://github.com/Azure/sdk-release-request/issues/5319,11.1.0,True
azure-mgmt-postgresqlflexibleservers,ChenxiJiang333,ChenxiJiang333,2024-08-07,2024-08-28,https://github.com/Azure/sdk-release-request/issues/5406,1.0.0b1,
azure-mgmt-mysqlflexibleservers,ChenxiJiang333,ChenxiJiang333,2024-08-07,2024-08-28,https://github.com/Azure/sdk-release-request/issues/5407,1.0.0b1,
azure-mgmt-azurestackhci,azure-sdk,ChenxiJiang333,2024-07-24,2024-08-27,https://github.com/Azure/sdk-release-request/issues/5372,8.0.0b4,
azure-mgmt-hdinsightcontainers,azure-sdk,ChenxiJiang333,2024-08-08,2024-08-26,https://github.com/Azure/sdk-release-request/issues/5411,1.0.0b3,
azure-mgmt-compute,azure-sdk,ChenxiJiang333,2024-07-30,2024-08-23,https://github.com/Azure/sdk-release-request/issues/5384,33.0.0,True
azure-mgmt-hdinsight,	yuc-Li,ChenxiJiang333,2024-08-08,2024-08-21,https://github.com/Azure/sdk-release-request/issues/5415,9.0.0b3,True
azure-mgmt-web,Francisco-Gamino,ChenxiJiang333,2024-08-01,2024-08-20,https://github.com/Azure/sdk-release-request/issues/5396,7.3.1,True
azure-mgmt-datafactory,azure-sdk,ChenxiJiang333,2024-08-16,2024-08-20,https://github.com/Azure/sdk-release-request/issues/5428,9.0.0,True
azure-mgmt-netapp,azure-sdk,ChenxiJiang333,2024-07-31,2024-08-20,https://github.com/Azure/sdk-release-request/issues/5393,13.2.0,True
azure-mgmt-healthdataaiservices,azure-sdk,ChenxiJiang333,2024-07-30,2024-08-15,https://github.com/Azure/sdk-release-request/issues/5388,1.0.0b1,
azure-mgmt-appcontainers,azure-sdk,ChenxiJiang333,2024-06-25,2024-08-06,https://github.com/Azure/sdk-release-request/issues/5298,3.1.0,True
azure-mgmt-servicefabricmanagedclusters,azure-sdk,ChenxiJiang333,2024-06-20,2024-07-25,https://github.com/Azure/sdk-release-request/issues/5283,2.0.0,True
azure-mgmt-network,azure-sdk,ChenxiJiang333,2024-06-27,2024-07-25,https://github.com/Azure/sdk-release-request/issues/5306,26.0.0,True
azure-mgmt-compute,azure-sdk,ChenxiJiang333,2024-07-18,2024-07-25,https://github.com/Azure/sdk-release-request/issues/5366,32.0.0,True
azure-mgmt-computefleet,azure-sdk,ChenxiJiang333,2024-06-05,2024-07-24,https://github.com/Azure/sdk-release-request/issues/5257,1.0.0b1,
azure-mgmt-dataprotection,azure-sdk,ChenxiJiang333,2024-06-14,2024-07-23,https://github.com/Azure/sdk-release-request/issues/5278,1.4.0,True
azure-mgmt-redis,azure-sdk,ChenxiJiang333,2024-06-25,2024-07-23,https://github.com/Azure/sdk-release-request/issues/5294,14.4.0,True
azure-mgmt-netapp,azure-sdk,ChenxiJiang333,2024-06-27,2024-07-23,https://github.com/Azure/sdk-release-request/issues/5310,13.1.0,True
azure-mgmt-hybridcompute,yaotongms,ChenxiJiang333,2024-07-18,2024-07-23,https://github.com/Azure/sdk-release-request/issues/5335,9.0.0b4,
azure-mgmt-redhatopenshift,azure-sdk,ChenxiJiang333,2024-07-18,2024-07-23,https://github.com/Azure/sdk-release-request/issues/5338,1.5.0,True
azure-mgmt-containerservice,azure-sdk,ChenxiJiang333,2024-07-05,2024-07-22,https://github.com/Azure/sdk-release-request/issues/5323,31.0.0,True
azure-mgmt-search,azure-sdk,ChenxiJiang333,2024-06-04,2024-07-22,https://github.com/Azure/sdk-release-request/issues/5245,9.2.0b2,
azure-mgmt-keyvault,ChenxiJiang333,ChenxiJiang333,2024-07-16,2024-07-17,https://github.com/Azure/sdk-release-request/issues/5330,10.3.1,True
azure-mgmt-informaticadatamanagement,alluri02,ChenxiJiang333,2024-03-20,2024-07-16,https://github.com/Azure/sdk-release-request/issues/5066,1.0.0,True
azure-mgmt-sql,ChenxiJiang333,ChenxiJiang333,2024-07-11,2024-07-16,https://github.com/Azure/sdk-release-request/issues/5329,4.0.0b18,
azure-mgmt-edgezones,jasonurban1,ChenxiJiang333,2024-03-22,2024-07-08,https://github.com/Azure/sdk-release-request/issues/5073,1.0.0b1,
azure-mgmt-oracledatabase,azure-sdk,ChenxiJiang333,2024-06-21,2024-07-04,https://github.com/Azure/sdk-release-request/issues/5287,1.0.0,True
azure-mgmt-appplatform,ChenxiJiang333,ChenxiJiang333,2024-07-03,2024-07-04,https://github.com/Azure/sdk-release-request/issues/5316,9.1.0,True
azure-mgmt-mongocluster,azure-sdk,ChenxiJiang333,2024-05-21,2024-07-03,https://github.com/Azure/sdk-release-request/issues/5215,1.0.0b1,
azure-mgmt-avs,azure-sdk,ChenxiJiang333,2024-05-08,2024-06-28,https://github.com/Azure/sdk-release-request/issues/5191,9.0.0b1,
azure-mgmt-storage,azure-sdk,ChenxiJiang333,2024-06-06,2024-06-27,https://github.com/Azure/sdk-release-request/issues/5261,21.2.1,True
azure-mgmt-appcomplianceautomation,azure-sdk,ChenxiJiang333,2024-06-05,2024-06-27,https://github.com/Azure/sdk-release-request/issues/5249,1.0.0,True
azure-mgmt-redisenterprise,dmonroym,ChenxiJiang333,2024-04-30,2024-06-26,https://github.com/Azure/sdk-release-request/issues/5177,3.1.0b1,
azure-mgmt-scvmm,azure-sdk,ChenxiJiang333,2024-06-11,2024-06-26,https://github.com/Azure/sdk-release-request/issues/5269,1.0.0,True
azure-mgmt-powerbiembedded,ChenxiJiang333,ChenxiJiang333,2024-06-24,2024-06-24,https://github.com/Azure/sdk-release-request/issues/5288,3.0.0,True
azure-mgmt-oracledatabase,azure-sdk,ChenxiJiang333,2024-06-11,2024-06-22,https://github.com/Azure/sdk-release-request/issues/5273,1.0.0b2,
azure-mgmt-imagebuilder,azure-sdk,ChenxiJiang333,2024-06-05,2024-06-20,https://github.com/Azure/sdk-release-request/issues/5253,1.4.0,True
azure-mgmt-cosmosdb,azure-sdk,ChenxiJiang333,2024-05-15,2024-06-20,https://github.com/Azure/sdk-release-request/issues/5207,9.5.1,True
azure-mgmt-storagemover,azure-sdk,ChenxiJiang333,2024-06-11,2024-06-18,https://github.com/Azure/sdk-release-request/issues/5265,2.1.0,True
azure-mgmt-storage,azure-sdk,ChenxiJiang333,2024-06-06,2024-06-18,https://github.com/Azure/sdk-release-request/issues/5261,21.2.0,True
azure-mgmt-web,Francisco-Gamino,ChenxiJiang333,2024-05-02,2024-06-18,https://github.com/Azure/sdk-release-request/issues/5179,7.3.0,True
azure-mgmt-mobilenetwork,azure-sdk,ChenxiJiang333,2024-06-04,2024-06-17,https://github.com/Azure/sdk-release-request/issues/5237,3.3.0,True
azure-mgmt-cdn,ChenxiJiang333,ChenxiJiang333,2024-06-12,2024-06-12,https://github.com/Azure/sdk-release-request/issues/5274,13.1.1,True
azure-mgmt-datafactory,msyyc,ChenxiJiang333,2024-06-03,2024-06-07,https://github.com/Azure/sdk-release-request/issues/5232,8.0.0,True
azure-mgmt-rdbms,ChenxiJiang333,ChenxiJiang333,2024-06-03,2024-06-05,https://github.com/Azure/sdk-release-request/issues/5233,10.2.0b17,
azure-mgmt-hybridcompute,yaotongms,ChenxiJiang333,2024-05-23,2024-06-04,https://github.com/Azure/sdk-release-request/issues/5223,9.0.0b3,
azure-mgmt-oracledatabase,azure-sdk,ChenxiJiang333,2024-05-09,2024-05-30,https://github.com/Azure/sdk-release-request/issues/5195,1.0.0b1,
azure-mgmt-hybridcompute,azure-sdk,ChenxiJiang333,2024-05-23,2024-05-30,https://github.com/Azure/sdk-release-request/issues/5230,9.0.0b3,
azure-mgmt-informaticadatamanagement,alluri02,ChenxiJiang333,2024-03-20,2024-05-30,https://github.com/Azure/sdk-release-request/issues/5066,1.0.0b1,
azure-mgmt-devopsinfrastructure,oolaoluwa,ChenxiJiang333,2024-04-16,2024-05-29,https://github.com/Azure/sdk-release-request/issues/5140,1.0.0b1,
azure-mgmt-selfhelp,azure-sdk,ChenxiJiang333,2024-05-09,2024-05-28,https://github.com/Azure/sdk-release-request/issues/5199,2.0.0b4,
azure-mgmt-network,azure-sdk,ChenxiJiang333,2024-05-22,2024-05-27,https://github.com/Azure/sdk-release-request/issues/5222,25.4.0,True
azure-mgmt-storagecache,rebecca337,ChenxiJiang333,2024-04-23,2024-05-23,https://github.com/Azure/sdk-release-request/issues/5143,2.0.0,True
azure-mgmt-containerservicefleet,zman-ms,ChenxiJiang333,2024-04-24,2024-05-23,https://github.com/Azure/sdk-release-request/issues/5147,2.0.0,True
azure-mgmt-netapp,audunn,ChenxiJiang333,2024-04-29,2024-05-23,https://github.com/Azure/sdk-release-request/issues/5169,13.0.0,True
azure-mgmt-cosmosdb,azure-sdk,ChenxiJiang333,2024-05-15,2024-05-20,https://github.com/Azure/sdk-release-request/issues/5207,9.5.0,True
azure-mgmt-maintenance,rbandi124,ChenxiJiang333,2024-04-24,2024-05-20,https://github.com/Azure/sdk-release-request/issues/5161,2.2.0b2,
azure-mgmt-sql,mohitagarwal-sql,ChenxiJiang333,2024-04-30,2024-05-20,https://github.com/Azure/sdk-release-request/issues/5173,4.0.0b17,
azure-mgmt-security,eliagrady,ChenxiJiang333,2024-01-18,2024-05-20,https://github.com/Azure/sdk-release-request/issues/4896,7.0.0,True
azure-mgmt-datafactory,msyyc,ChenxiJiang333,2024-05-07,2024-05-10,https://github.com/Azure/sdk-release-request/issues/5183,7.1.0,True
azure-mgmt-resource,azure-sdk,ChenxiJiang333,2024-05-02,2024-05-08,https://github.com/Azure/sdk-release-request/issues/5182,23.1.1,True
azure-mgmt-resource,azure-sdk,ChenxiJiang333,2024-05-02,2024-05-06,https://github.com/Azure/sdk-release-request/issues/5182,23.1.0,True
azure-mgmt-eventgrid,a-hamad,ChenxiJiang333,2024-04-24,2024-04-29,https://github.com/Azure/sdk-release-request/issues/5155,10.3.0b4,
azure-mgmt-compute,haagha,ChenxiJiang333,2024-03-21,2024-04-25,https://github.com/Azure/sdk-release-request/issues/5068,31.0.0,True
azure-mgmt-hybridcompute,yaotongms,ChenxiJiang333,2024-03-13,2024-04-24,https://github.com/Azure/sdk-release-request/issues/5041,9.0.0b2,
azure-mgmt-standbypool,bxubxu,ChenxiJiang333,2024-03-18,2024-04-24,https://github.com/Azure/sdk-release-request/issues/5054,1.0.0b1,
azure-mgmt-devcenter,nickdepinet,ChenxiJiang333,2024-04-01,2024-04-24,https://github.com/Azure/sdk-release-request/issues/5102,1.1.0,True
azure-mgmt-deviceregistry,davidemontanari,ChenxiJiang333,2024-04-03,2024-04-24,https://github.com/Azure/sdk-release-request/issues/5109,1.0.0b1,
azure-mgmt-selfhelp,siddiavinashmsft,ChenxiJiang333,2024-04-04,2024-04-24,https://github.com/Azure/sdk-release-request/issues/5111,2.0.0b3,
azure-mgmt-support,raghumunukutla,ChenxiJiang333,2024-04-11,2024-04-24,https://github.com/Azure/sdk-release-request/issues/5123,7.0.0,True
azure-mgmt-quota,rahuls-microsoft,ChenxiJiang333,2024-04-11,2024-04-24,https://github.com/Azure/sdk-release-request/issues/5124,2.0.0b1,
azure-mgmt-recoveryservicesbackup,zubairabid,ChenxiJiang333,2024-04-12,2024-04-22,https://github.com/Azure/sdk-release-request/issues/5134,9.1.0,True
azure-mgmt-rdbms,xiaoxuqi-ms,ChenxiJiang333,2024-03-19,2024-04-22,https://github.com/Azure/sdk-release-request/issues/5058,10.2.0b16,
azure-mgmt-rdbms,ambrahma,ChenxiJiang333,2024-03-15,2024-04-22,https://github.com/Azure/sdk-release-request/issues/5046,10.2.0b16,
azure-mgmt-healthcareapis,jnlycklama,ChenxiJiang333,2024-03-22,2024-04-22,https://github.com/Azure/sdk-release-request/issues/5075,2.1.0,True
azure-mgmt-containerservice,FumingZhang,ChenxiJiang333,2024-03-25,2024-04-22,https://github.com/Azure/sdk-release-request/issues/5081,30.0.0,True
azure-mgmt-datafactory,ruowan,ChenxiJiang333,2024-04-01,2024-04-22,https://github.com/Azure/sdk-release-request/issues/5098,7.0.0,True
azure-mgmt-confidentialledger,musabbir,ChenxiJiang333,2024-04-08,2024-04-22,https://github.com/Azure/sdk-release-request/issues/5114,2.0.0b4,
azure-mgmt-recoveryservices,zubairabid,ChenxiJiang333,2024-04-12,2024-04-22,https://github.com/Azure/sdk-release-request/issues/5128,3.0.0,True
azure-mgmt-cdn,t-bzhan,ChenxiJiang333,2024-03-27,2024-04-15,https://github.com/Azure/sdk-release-request/issues/5086,13.1.0,True
azure-mgmt-frontdoor,t-bzhan,ChenxiJiang333,2024-03-27,2024-04-15,https://github.com/Azure/sdk-release-request/issues/5087,1.2.0,True
azure-mgmt-migrationdiscoverysap,gargankit-microsoft,ChenxiJiang333,2024-02-28,2024-04-07,https://github.com/Azure/sdk-release-request/issues/5008,1.0.0b1,
azure-mgmt-sql,jovancevic123,ChenxiJiang333,2024-03-13,2024-04-07,https://github.com/Azure/sdk-release-request/issues/5040,4.0.0b16,
azure-mgmt-hdinsightcontainers,yuc-Li,ChenxiJiang333,2024-03-29,2024-04-07,https://github.com/Azure/sdk-release-request/issues/5094,1.0.0b2,
azure-mgmt-containerservicefleet,zman-ms,ChenxiJiang333,2024-03-15,2024-04-03,https://github.com/Azure/sdk-release-request/issues/5051,1.1.0,True
azure-mgmt-iotfirmwaredefense,eatkimchee,ChenxiJiang333,2024-02-17,2024-03-27,https://github.com/Azure/sdk-release-request/issues/4958,1.0.0,True
azure-mgmt-sphere,allegradomel,ChenxiJiang333,2024-03-19,2024-03-26,https://github.com/Azure/sdk-release-request/issues/5060,1.0.0,True
azure-mgmt-netapp,audunn,ChenxiJiang333,2024-02-16,2024-03-21,https://github.com/Azure/sdk-release-request/issues/4952,12.0.0,True
azure-mgmt-workloadssapvirtualinstance,adityashukla-msft,ChenxiJiang333,2023-12-20,2024-03-21,https://github.com/Azure/sdk-release-request/issues/4844,1.0.0b1,
azure-mgmt-storageactions,vgs-msft,ChenxiJiang333,2024-01-09,2024-03-21,https://github.com/Azure/sdk-release-request/issues/4878,1.0.0b1,
azure-mgmt-notificationhubs,jessHuh,ChenxiJiang333,2024-02-27,2024-03-21,https://github.com/Azure/sdk-release-request/issues/5000,8.1.0b2,
azure-mgmt-quantum,04diiguyi,ChenxiJiang333,2024-02-27,2024-03-21,https://github.com/Azure/sdk-release-request/issues/4996,1.0.0b5,
azure-mgmt-support,raghumunukutla,ChenxiJiang333,2024-03-04,2024-03-21,https://github.com/Azure/sdk-release-request/issues/5023,6.1.0b3,
azure-mgmt-servicelinker,wchigit,ChenxiJiang333,2024-03-07,2024-03-19,https://github.com/Azure/sdk-release-request/issues/5035,1.2.0b2,
azure-mgmt-apimanagement,ChenxiJiang333,ChenxiJiang333,2024-03-19,2024-03-19,https://github.com/Azure/sdk-release-request/issues/5057,4.0.1,True
azure-mgmt-cosmosdb,carjackson-msft,ChenxiJiang333,2024-02-22,2024-03-19,https://github.com/Azure/sdk-release-request/issues/4979,10.0.0b3,
azure-mgmt-datafactory,ruowan,ChenxiJiang333,2024-02-27,2024-03-19,https://github.com/Azure/sdk-release-request/issues/4988,6.1.0,True
azure-mgmt-appcontainers,Juliehzl,ChenxiJiang333,2024-03-05,2024-03-18,https://github.com/Azure/sdk-release-request/issues/5027,3.1.0b1,
azure-mgmt-newrelicobservability,apoorvasingh130,ChenxiJiang333,2024-02-19,2024-03-18,https://github.com/Azure/sdk-release-request/issues/4959,1.1.0,True
azure-mgmt-mobilenetwork,khattartarun,ChenxiJiang333,2024-02-20,2024-03-18,https://github.com/Azure/sdk-release-request/issues/4968,3.2.0,True
azure-mgmt-communication,Joeleniqs,ChenxiJiang333,2024-02-24,2024-03-18,https://github.com/Azure/sdk-release-request/issues/4983,2.1.0,True
azure-mgmt-cosmosdbforpostgresql,senatol,ChenxiJiang333,2024-02-27,2024-03-18,https://github.com/Azure/sdk-release-request/issues/4992,1.1.0b1,
azure-mgmt-search,mattgotteiner,ChenxiJiang333,2024-02-27,2024-03-18,https://github.com/Azure/sdk-release-request/issues/5006,9.2.0b1,
azure-mgmt-nginx,jamesfan1,ChenxiJiang333,2024-02-28,2024-03-18,https://github.com/Azure/sdk-release-request/issues/5011,3.1.0b1,
azure-mgmt-batch,wiboris,ChenxiJiang333,2024-02-29,2024-03-18,https://github.com/Azure/sdk-release-request/issues/5014,17.3.0,True
azure-mgmt-confluent,DeepikaNMS,ChenxiJiang333,2024-02-29,2024-03-18,https://github.com/Azure/sdk-release-request/issues/5020,2.1.0,True
azure-mgmt-compute,Sandido,ChenxiJiang333,2024-02-15,2024-03-15,https://github.com/Azure/sdk-release-request/issues/4948,30.6.0,True
azure-mgmt-playwrighttesting,ShreyaAnand,ChenxiJiang333,2024-01-15,2024-03-04,https://github.com/Azure/sdk-release-request/issues/4887,1.0.0b2,
azure-mgmt-redisenterprise,jantache-microsoft,ChenxiJiang333,2024-01-22,2024-03-04,https://github.com/Azure/sdk-release-request/issues/4907,3.0.0,True
azure-mgmt-datafactory,ruowan,ChenxiJiang333,2024-01-26,2024-03-04,https://github.com/Azure/sdk-release-request/issues/4921,6.0.0,True
azure-mgmt-azurelargeinstance,8Gitbrix,ChenxiJiang333,2024-01-31,2024-03-04,https://github.com/Azure/sdk-release-request/issues/4930,1.0.0b1,
azure-mgmt-chaos,RenzoPrettoMS,ChenxiJiang333,2024-02-21,2024-03-04,https://github.com/Azure/sdk-release-request/issues/4971,1.1.0,True
azure-mgmt-rdbms,xiaoxuqi-ms,ChenxiJiang333,2024-02-26,2024-03-04,https://github.com/Azure/sdk-release-request/issues/4986,10.2.0b15,
azure-mgmt-apicenter,azaslonov,ChenxiJiang333,2024-01-08,2024-02-22,https://github.com/Azure/sdk-release-request/issues/4871,1.0.0,True
azure-mgmt-storagecache,Aman-Jain-14,ChenxiJiang333,2024-01-22,2024-02-22,https://github.com/Azure/sdk-release-request/issues/4911,1.6.0b1,
azure-mgmt-servicefabric,mwesigwaguma,ChenxiJiang333,2024-01-20,2024-02-22,https://github.com/Azure/sdk-release-request/issues/4899,2.2.0b1,
azure-mgmt-network,htippanaboya,ChenxiJiang333,2024-01-24,2024-02-22,https://github.com/Azure/sdk-release-request/issues/4917,25.3.0,True
azure-mgmt-servicefabricmanagedclusters,mwesigwaguma,ChenxiJiang333,2024-01-31,2024-02-22,https://github.com/Azure/sdk-release-request/issues/4928,2.0.0b6,
azure-mgmt-astro,banggaurav,ChenxiJiang333,2024-02-01,2024-02-22,https://github.com/Azure/sdk-release-request/issues/4940,1.0.0b1,
azure-mgmt-recoveryservicessiterecovery,shrauta-ms,ChenxiJiang333,2024-02-08,2024-02-22,https://github.com/Azure/sdk-release-request/issues/4944,1.2.0,True
azure-mgmt-containerservice,FumingZhang,ChenxiJiang333,2024-02-19,2024-02-20,https://github.com/Azure/sdk-release-request/issues/4966,29.1.0,True
azure-mgmt-springappdiscovery,sunkun99,ChenxiJiang333,2023-12-15,2024-01-31,https://github.com/Azure/sdk-release-request/issues/4836,1.0.0b1,
azure-mgmt-networkanalytics,gaagarwalMS,ChenxiJiang333,2024-01-23,2024-01-26,https://github.com/Azure/sdk-release-request/issues/4915,1.0.0,True
azure-mgmt-hardwaresecuritymodules,emmeliaAra,ChenxiJiang333,2023-12-11,2024-01-26,https://github.com/Azure/sdk-release-request/issues/4828,1.0.0b1,
azure-mgmt-datafactory,ruowan,ChenxiJiang333,2023-12-27,2024-01-26,https://github.com/Azure/sdk-release-request/issues/4854,5.0.0,True
azure-mgmt-cosmosdb,pjohari-ms,ChenxiJiang333,2024-01-06,2024-01-26,https://github.com/Azure/sdk-release-request/issues/4865,10.0.0b2,
azure-mgmt-appplatform,yuwzho,ChenxiJiang333,2024-01-10,2024-01-26,https://github.com/Azure/sdk-release-request/issues/4881,9.0.0,True
azure-mgmt-hybridcontainerservice,HariPrasadV,ChenxiJiang333,2023-12-18,2024-01-25,https://github.com/Azure/sdk-release-request/issues/4838,1.0.0,True
azure-mgmt-elasticsan,yifanz7,ChenxiJiang333,2024-01-09,2024-01-25,https://github.com/Azure/sdk-release-request/issues/4874,1.0.0,True
azure-mgmt-recoveryservicesbackup,iwrinshow,ChenxiJiang333,2023-11-06,2024-01-24,https://github.com/Azure/sdk-release-request/issues/4715,9.0.0,True
azure-mgmt-rdbms,xiaoxuqi-ms,ChenxiJiang333,2024-01-16,2024-01-23,https://github.com/Azure/sdk-release-request/issues/4889,10.2.0b14,
azure-mgmt-streamanalytics,Alancere,ChenxiJiang333,2023-12-27,2024-01-22,https://github.com/Azure/sdk-release-request/issues/4859,2.0.0b2,
azure-mgmt-compute,haagha,ChenxiJiang333,2023-12-26,2024-01-22,https://github.com/Azure/sdk-release-request/issues/4851,30.5.0,True
azure-mgmt-containerservice,FumingZhang,ChenxiJiang333,2023-12-21,2024-01-22,https://github.com/Azure/sdk-release-request/issues/4847,29.0.0,True
azure-mgmt-security,msyyc,ChenxiJiang333,2024-01-19,2024-01-19,https://github.com/Azure/sdk-release-request/issues/4898,6.0.0,True
azure-mgmt-recoveryservicesbackup,iwrinshow,ChenxiJiang333,2023-11-06,2024-01-15,https://github.com/Azure/sdk-release-request/issues/4715,8.0.0,True
azure-mgmt-recoveryservicesbackup,zubairabid,ChenxiJiang333,2024-01-10,2024-01-15,https://github.com/Azure/sdk-release-request/issues/4884,8.0.0,True
azure-mgmt-sql,MilanNz,ChenxiJiang333,2024-01-08,2024-01-11,https://github.com/Azure/sdk-release-request/issues/4867,4.0.0b15,
azure-mgmt-netapp,audunn,ChenxiJiang333,2023-12-04,2023-12-22,https://github.com/Azure/sdk-release-request/issues/4813,12.0.0b1,
azure-mgmt-selfhelp,sahilpwr,ChenxiJiang333,2023-11-16,2023-12-20,https://github.com/Azure/sdk-release-request/issues/4770,2.0.0b2,
azure-mgmt-sql,CelinaJiangJXY,ChenxiJiang333,2023-11-22,2023-12-20,https://github.com/Azure/sdk-release-request/issues/4777,4.0.0b14,
azure-mgmt-healthcareapis,jnlycklama,ChenxiJiang333,2023-11-28,2023-12-20,https://github.com/Azure/sdk-release-request/issues/4789,2.0.0,True
azure-mgmt-cosmosdb,ddhamotharan,ChenxiJiang333,2023-12-12,2023-12-19,https://github.com/Azure/sdk-release-request/issues/4832,9.4.0,True
azure-mgmt-compute,grizzlytheodore,ChenxiJiang333,2023-12-06,2023-12-18,https://github.com/Azure/sdk-release-request/issues/4824,30.4.0,True
azure-mgmt-communication,matthohn-msft,ChenxiJiang333,2023-11-09,2023-12-18,https://github.com/Azure/sdk-release-request/issues/4743,2.1.0b2,
azure-mgmt-batch,wiboris,ChenxiJiang333,2023-12-05,2023-12-18,https://github.com/Azure/sdk-release-request/issues/4817,17.2.0,True
azure-mgmt-servicefabric,mwesigwaguma,ChenxiJiang333,2023-11-21,2023-12-18,https://github.com/Azure/sdk-release-request/issues/4773,2.1.0,True
azure-mgmt-rdbms,ambrahma,ChenxiJiang333,2023-11-27,2023-12-18,https://github.com/Azure/sdk-release-request/issues/4782,10.2.0b13,
azure-mgmt-dataprotection,asmitt,ChenxiJiang333,2023-11-28,2023-12-18,https://github.com/Azure/sdk-release-request/issues/4788,1.3.0,True
azure-mgmt-deviceupdate,devlie,ChenxiJiang333,2023-11-29,2023-12-18,https://github.com/Azure/sdk-release-request/issues/4799,1.1.0,True
azure-mgmt-imagebuilder,zdelacerda-microsoft,ChenxiJiang333,2023-11-29,2023-12-18,https://github.com/Azure/sdk-release-request/issues/4803,1.3.0,True
azure-mgmt-network,Joanna-Yang-Art,ChenxiJiang333,2023-12-04,2023-12-18,https://github.com/Azure/sdk-release-request/issues/4811,25.2.0,True
azure-mgmt-eventgrid,a-hamad,ChenxiJiang333,2023-11-10,2023-12-05,https://github.com/Azure/sdk-release-request/issues/4760,10.3.0b3,
azure-mgmt-networkanalytics,gaagarwalMS,ChenxiJiang333,2023-11-08,2023-11-28,https://github.com/Azure/sdk-release-request/issues/4734,1.0.0b1,
azure-mgmt-chaos,MasterRyd3l,ChenxiJiang333,2023-10-26,2023-11-24,https://github.com/Azure/sdk-release-request/issues/4689,1.0.0,True
azure-mgmt-hybridcontainerservice,HariPrasadV,ChenxiJiang333,2023-11-08,2023-11-24,https://github.com/Azure/sdk-release-request/issues/4737,1.0.0b2,
azure-mgmt-paloaltonetworksngfw,osid29,ChenxiJiang333,2023-10-23,2023-11-22,https://github.com/Azure/sdk-release-request/issues/4669,2.0.0b1,
azure-mgmt-containerservice,FumingZhang,ChenxiJiang333,2023-11-08,2023-11-21,https://github.com/Azure/sdk-release-request/issues/4730,28.0.0,True
azure-mgmt-hybridcompute,Alancere,ChenxiJiang333,2023-11-07,2023-11-21,https://github.com/Azure/sdk-release-request/issues/4727,9.0.0b1,
azure-mgmt-confluent,DeepikaNMS,ChenxiJiang333,2023-10-30,2023-11-21,https://github.com/Azure/sdk-release-request/issues/4696,2.0.0,True
azure-mgmt-hybridnetwork,pjw711,ChenxiJiang333,2023-10-13,2023-11-21,https://github.com/Azure/sdk-release-request/issues/4654,2.0.0,True
azure-mgmt-rdbms,ambrahma,ChenxiJiang333,2023-10-30,2023-11-21,https://github.com/Azure/sdk-release-request/issues/4699,10.2.0b12,
azure-mgmt-servicenetworking,malpaniHMC,ChenxiJiang333,2023-11-06,2023-11-21,https://github.com/Azure/sdk-release-request/issues/4718,1.0.0,True
azure-mgmt-nginx,limingu,ChenxiJiang333,2023-11-06,2023-11-21,https://github.com/Azure/sdk-release-request/issues/4722,3.0.0,True
azure-mgmt-datafactory,Frey-Wang,ChenxiJiang333,2023-11-09,2023-11-21,https://github.com/Azure/sdk-release-request/issues/4747,4.0.0,True
azure-mgmt-containerregistry,raymondluo1,ChenxiJiang333,2023-11-03,2023-11-20,https://github.com/Azure/sdk-release-request/issues/4708,10.3.0,True
azure-mgmt-web,kamperiadis,ChenxiJiang333,2023-11-10,2023-11-20,https://github.com/Azure/sdk-release-request/issues/4755,7.2.0,True
azure-mgmt-dashboard,yjsong11,ChenxiJiang333,2023-11-09,2023-11-20,https://github.com/Azure/sdk-release-request/issues/4748,1.1.0,True
azure-mgmt-mobilenetwork,JeetendraJoshi-MSFT,ChenxiJiang333,2023-10-13,2023-11-20,https://github.com/Azure/sdk-release-request/issues/4648,3.1.0,True
azure-mgmt-quota,ahnj12,ChenxiJiang333,2023-10-17,2023-11-20,https://github.com/Azure/sdk-release-request/issues/4659,1.1.0,True
azure-mgmt-sql,MilanNz,ChenxiJiang333,2023-11-10,2023-11-17,https://github.com/Azure/sdk-release-request/issues/4757,4.0.0b13,
azure-mgmt-containerservicefleet,zman-ms,ChenxiJiang333,2023-10-18,2023-10-30,https://github.com/Azure/sdk-release-request/issues/4663,1.0.0,True
azure-mgmt-azurestackhci,pathuang-sia,ChenxiJiang333,2023-10-12,2023-10-28,https://github.com/Azure/sdk-release-request/issues/4632,8.0.0b3,
azure-mgmt-cosmosdb,niteshvijay1995,ChenxiJiang333,2023-09-26,2023-10-26,https://github.com/Azure/sdk-release-request/issues/4569,9.3.0,True
azure-mgmt-connectedvmware,subbartt,ChenxiJiang333,2023-09-22,2023-10-25,https://github.com/Azure/sdk-release-request/issues/4547,1.0.0,True
azure-mgmt-search,mattmsft,ChenxiJiang333,2023-10-03,2023-10-25,https://github.com/Azure/sdk-release-request/issues/4605,9.1.0,True
azure-mgmt-cosmosdb,niteshvijay1995,ChenxiJiang333,2023-09-26,2023-10-25,https://github.com/Azure/sdk-release-request/issues/4551,9.3.0,True
azure-mgmt-containerservice,FumingZhang,ChenxiJiang333,2023-09-21,2023-10-24,https://github.com/Azure/sdk-release-request/issues/4535,27.0.0,True
azure-mgmt-containerservice,FumingZhang,ChenxiJiang333,2023-10-20,2023-10-24,https://github.com/Azure/sdk-release-request/issues/4667,27.0.0,True
azure-mgmt-recoveryservicesdatareplication,minhsuanlee,ChenxiJiang333,2023-09-13,2023-10-24,https://github.com/Azure/sdk-release-request/issues/4522,1.0.0b1,
azure-mgmt-selfhelp,sahilpwr,ChenxiJiang333,2023-09-20,2023-10-24,https://github.com/Azure/sdk-release-request/issues/4529,2.0.0b1,
azure-mgmt-elasticsan,yifanz7,ChenxiJiang333,2023-09-25,2023-10-24,https://github.com/Azure/sdk-release-request/issues/4561,1.0.0b3,
azure-mgmt-storagemover,yifanz7,ChenxiJiang333,2023-09-28,2023-10-24,https://github.com/Azure/sdk-release-request/issues/4587,2.0.0,True
azure-mgmt-cdn,t-bzhan,ChenxiJiang333,2023-10-08,2023-10-24,https://github.com/Azure/sdk-release-request/issues/4620,13.0.0,True
azure-mgmt-resourcehealth,abhayohri,ChenxiJiang333,2023-10-12,2023-10-24,https://github.com/Azure/sdk-release-request/issues/4639,1.0.0b5,
azure-mgmt-netapp,audunn,ChenxiJiang333,2023-09-08,2023-10-24,https://github.com/Azure/sdk-release-request/issues/4512,11.0.0,True
azure-mgmt-netapp,audunn,ChenxiJiang333,2023-09-21,2023-10-24,https://github.com/Azure/sdk-release-request/issues/4544,11.0.0,True
azure-mgmt-datadog,vikotha,ChenxiJiang333,2023-10-06,2023-10-23,https://github.com/Azure/sdk-release-request/issues/4608,2.1.0,True
azure-mgmt-desktopvirtualization,alec-baird,ChenxiJiang333,2023-09-28,2023-10-23,https://github.com/Azure/sdk-release-request/issues/4593,1.1.0,True
azure-mgmt-baremetalinfrastructure,alexandraavendano,ChenxiJiang333,2023-10-02,2023-10-23,https://github.com/Azure/sdk-release-request/issues/4602,1.1.0b2,
azure-mgmt-kusto,michaelshikh07,ChenxiJiang333,2023-10-09,2023-10-23,https://github.com/Azure/sdk-release-request/issues/4624,3.3.0,True
azure-mgmt-maintenance,adana-popescu,ChenxiJiang333,2023-10-09,2023-10-23,https://github.com/Azure/sdk-release-request/issues/4627,2.2.0b1,
azure-mgmt-devcenter,nickdepinet,ChenxiJiang333,2023-10-12,2023-10-23,https://github.com/Azure/sdk-release-request/issues/4640,1.1.0b1,
azure-mgmt-webpubsub,bjqian,ChenxiJiang333,2023-10-07,2023-10-23,https://github.com/Azure/sdk-release-request/issues/4615,2.0.0b2,
azure-mgmt-support,raghumunukutla,ChenxiJiang333,2023-10-12,2023-10-23,https://github.com/Azure/sdk-release-request/issues/4630,6.1.0b2,
azure-mgmt-resourcemover,yashjain4,ChenxiJiang333,2023-09-21,2023-10-23,https://github.com/Azure/sdk-release-request/issues/4539,1.1.0,True
azure-mgmt-containerservicefleet,zman-ms,ChenxiJiang333,2023-09-26,2023-10-23,https://github.com/Azure/sdk-release-request/issues/4580,1.0.0b3,
azure-mgmt-signalr,bjqian,ChenxiJiang333,2023-10-07,2023-10-23,https://github.com/Azure/sdk-release-request/issues/4612,2.0.0b2,
azure-mgmt-containerservicefleet,zman-ms,ChenxiJiang333,2023-10-18,2023-10-23,https://github.com/Azure/sdk-release-request/issues/4663,1.0.0b3,
azure-mgmt-keyvault,evelyn-ys,ChenxiJiang333,2023-10-13,2023-10-19,https://github.com/Azure/sdk-release-request/issues/4646,10.3.0,True
azure-mgmt-redhatopenshift,gouthamMN,ChenxiJiang333,2023-10-02,2023-10-07,https://github.com/Azure/sdk-release-request/issues/4597,1.4.0,True
azure-mgmt-compute,grizzlytheodore,ChenxiJiang333,2023-09-27,2023-09-28,https://github.com/Azure/sdk-release-request/issues/4586,30.3.0,True
azure-mgmt-cosmosdb,AdrianSibajaRetana,ChenxiJiang333,2023-09-22,2023-09-28,https://github.com/Azure/sdk-release-request/issues/4551,9.3.0,True
azure-mgmt-playwrighttesting,venkatr21,ChenxiJiang333,2023-09-13,2023-09-28,https://github.com/Azure/sdk-release-request/issues/4515,1.0.0b1,
azure-mgmt-rdbms,xiaoxuqi-ms,ChenxiJiang333,2023-09-20,2023-09-27,https://github.com/Azure/sdk-release-request/issues/4531,10.2.0b11,
azure-mgmt-rdbms,ambrahma,ChenxiJiang333,2023-09-25,2023-09-27,https://github.com/Azure/sdk-release-request/issues/4567,10.2.0b11,
azure-mgmt-kubernetesconfiguration,bavneetsingh16,ChenxiJiang333,2023-08-28,2023-09-23,https://github.com/Azure/sdk-release-request/issues/4468,3.1.0,True
azure-mgmt-containerregistry,AntonioVT,ChenxiJiang333,2023-09-05,2023-09-23,https://github.com/Azure/sdk-release-request/issues/4497,10.2.0,True
azure-mgmt-hybridconnectivity,apmehrotra,ChenxiJiang333,2023-08-16,2023-09-21,https://github.com/Azure/sdk-release-request/issues/4440,1.0.0,True
azure-mgmt-cosmosdbforpostgresql,senatol,ChenxiJiang333,2023-08-23,2023-09-20,https://github.com/Azure/sdk-release-request/issues/4463,1.0.0,True
azure-mgmt-hybridconnectivity,apmehrotra,ChenxiJiang333,2023-08-16,2023-09-20,https://github.com/Azure/sdk-release-request/issues/4440,1.0.0b1,
azure-mgmt-managedapplications,tadelesh,ChenxiJiang333,2023-09-05,2023-09-20,https://github.com/Azure/sdk-release-request/issues/4487,1.0.0b1,
azure-mgmt-compute,grizzlytheodore,ChenxiJiang333,2023-08-12,2023-09-20,https://github.com/Azure/sdk-release-request/issues/4422,30.2.0,True
azure-mgmt-communication,Joeleniqs,ChenxiJiang333,2023-09-13,2023-09-19,https://github.com/Azure/sdk-release-request/issues/4523,2.1.0b1,
azure-mgmt-signalr,bjqian,ChenxiJiang333,2023-08-17,2023-09-19,https://github.com/Azure/sdk-release-request/issues/4442,2.0.0b1,
azure-mgmt-iothub,ethanann-ms,ChenxiJiang333,2023-08-17,2023-09-19,https://github.com/Azure/sdk-release-request/issues/4452,3.0.0,True
azure-mgmt-network,htippanaboya,ChenxiJiang333,2023-08-29,2023-09-19,https://github.com/Azure/sdk-release-request/issues/4476,25.1.0,True
azure-mgmt-recoveryservicessiterecovery,shivamverma-ms,ChenxiJiang333,2023-09-06,2023-09-19,https://github.com/Azure/sdk-release-request/issues/4503,1.1.0,True
azure-mgmt-redis,koderjoker,ChenxiJiang333,2023-09-07,2023-09-19,https://github.com/Azure/sdk-release-request/issues/4508,14.3.0,True
azure-mgmt-recoveryservicesbackup,zubairabid,ChenxiJiang333,2023-08-29,2023-09-18,https://github.com/Azure/sdk-release-request/issues/4470,7.0.0,True
azure-mgmt-containerservicefleet,serbrech,ChenxiJiang333,2023-09-06,2023-09-13,https://github.com/Azure/sdk-release-request/issues/4499,1.0.0b2,
azure-mgmt-maps,stack111,ChenxiJiang333,2023-08-04,2023-09-12,https://github.com/Azure/sdk-release-request/issues/4395,2.1.0,True
azure-mgmt-recoveryservices,ankur741999,ChenxiJiang333,2023-08-14,2023-09-05,https://github.com/Azure/sdk-release-request/issues/4426,2.5.0,True
azure-mgmt-sql,viparek,ChenxiJiang333,2023-08-29,2023-08-30,https://github.com/Azure/sdk-release-request/issues/4472,4.0.0b12,
azure-mgmt-apicenter,azaslonov,ChenxiJiang333,2023-07-26,2023-08-25,https://github.com/Azure/sdk-release-request/issues/4366,1.0.0b1,
azure-mgmt-avs,cataggar,ChenxiJiang333,2023-08-08,2023-08-25,https://github.com/Azure/sdk-release-request/issues/4414,8.0.0,True
azure-mgmt-hdinsightcontainers,aim-for-better,ChenxiJiang333,2023-08-11,2023-08-22,https://github.com/Azure/sdk-release-request/issues/4405,1.0.0b1,
azure-mgmt-monitor,msyyc,ChenxiJiang333,2023-08-22,2023-08-22,https://github.com/Azure/sdk-release-request/issues/4453,6.0.2,True
azure-mgmt-devspaces,ChenxiJiang333,ChenxiJiang333,2023-08-22,2023-08-22,https://github.com/Azure/sdk-release-request/issues/4454,1.0.0b3,
azure-mgmt-network,Joanna-Yang-Art,ChenxiJiang333,2023-07-31,2023-08-22,https://github.com/Azure/sdk-release-request/issues/4379,25.0.0,True
azure-mgmt-appcontainers,Juliehzl,ChenxiJiang333,2023-08-02,2023-08-22,https://github.com/Azure/sdk-release-request/issues/4385,3.0.0,True
azure-mgmt-dynatrace,abhargavams,ChenxiJiang333,2023-08-08,2023-08-22,https://github.com/Azure/sdk-release-request/issues/4408,2.0.0,True
azure-mgmt-chaos,brrusino,ChenxiJiang333,2023-07-20,2023-08-22,https://github.com/Azure/sdk-release-request/issues/4349,1.0.0b7,
azure-mgmt-storage,calvinhzy,ChenxiJiang333,2023-08-04,2023-08-22,https://github.com/Azure/sdk-release-request/issues/4391,21.1.0,True
azure-mgmt-networkcloud,priyamshet,ChenxiJiang333,2023-07-25,2023-08-21,https://github.com/Azure/sdk-release-request/issues/4359,1.0.0,True
azure-mgmt-containerservice,FumingZhang,ChenxiJiang333,2023-08-08,2023-08-21,https://github.com/Azure/sdk-release-request/issues/4401,26.0.0,True
azure-mgmt-redhatopenshift,carlowisse,ChenxiJiang333,2023-08-01,2023-08-21,https://github.com/Azure/sdk-release-request/issues/4382,1.3.0,True
azure-mgmt-resourceconnector,aditimalladi,ChenxiJiang333,2023-08-11,2023-08-21,https://github.com/Azure/sdk-release-request/issues/4418,1.0.0,True
azure-mgmt-maintenance,KalpeshChavan12,ChenxiJiang333,2023-07-15,2023-08-21,https://github.com/Azure/sdk-release-request/issues/4339,2.1.0,True
azure-mgmt-sql,GalGoldi72,ChenxiJiang333,2023-06-27,2023-07-28,https://github.com/Azure/sdk-release-request/issues/4289,4.0.0b11,
azure-mgmt-keyvault,msyyc,ChenxiJiang333,2023-07-26,2023-07-26,https://github.com/Azure/sdk-release-request/issues/4364,10.2.3,True
azure-mgmt-containerservice,FumingZhang,ChenxiJiang333,2023-07-21,2023-07-26,https://github.com/Azure/sdk-release-request/issues/4353,25.0.0,True
azure-mgmt-sphere,allegradomel,ChenxiJiang333,2023-06-29,2023-07-26,https://github.com/Azure/sdk-release-request/issues/4313,1.0.0b1,
azure-mgmt-network,htippanaboya,ChenxiJiang333,2023-06-26,2023-07-26,https://github.com/Azure/sdk-release-request/issues/4282,24.0.0,True
azure-mgmt-authorization,mumoryan,Wzb123456789,2023-06-21,2023-07-25,https://github.com/Azure/sdk-release-request/issues/4263,4.0.0,True
azure-mgmt-mobilenetwork,JeetendraJoshi-MSFT,Wzb123456789,2023-06-26,2023-07-25,https://github.com/Azure/sdk-release-request/issues/4276,3.0.0,True
azure-mgmt-storagemover,yifanz7,Wzb123456789,2023-07-11,2023-07-25,https://github.com/Azure/sdk-release-request/issues/4330,2.0.0b1,
azure-mgmt-hdinsight,yuc-Li,Wzb123456789,2023-06-23,2023-07-25,https://github.com/Azure/sdk-release-request/issues/4297,9.0.0b2,
azure-mgmt-iotfirmwaredefense,eatkimchee,Wzb123456789,2023-06-23,2023-07-25,https://github.com/Azure/sdk-release-request/issues/4267,1.0.0b1,
azure-mgmt-cognitiveservices,yangyuan,Wzb123456789,2023-06-27,2023-07-25,https://github.com/Azure/sdk-release-request/issues/4284,13.5.0,True
azure-mgmt-compute,haagha,Wzb123456789,2023-06-29,2023-07-24,https://github.com/Azure/sdk-release-request/issues/4305,30.1.0,True
azure-mgmt-dataprotection,Shashank1306s,Wzb123456789,2023-07-03,2023-07-24,https://github.com/Azure/sdk-release-request/issues/4315,1.2.0,True
azure-mgmt-quantum,xinyi-joffre,Wzb123456789,2023-07-07,2023-07-24,https://github.com/Azure/sdk-release-request/issues/4321,1.0.0b4,
azure-mgmt-webpubsub,zackliu,Wzb123456789,2023-07-10,2023-07-24,https://github.com/Azure/sdk-release-request/issues/4323,2.0.0b1,
azure-mgmt-elasticsan,yifanz7,Wzb123456789,2023-07-11,2023-07-24,https://github.com/Azure/sdk-release-request/issues/4326,1.0.0b2,
azure-mgmt-kusto,michaelshikh07,Wzb123456789,2023-06-25,2023-07-24,https://github.com/Azure/sdk-release-request/issues/4269,3.2.0,True
azure-mgmt-batch,JJJessieWang,Wzb123456789,2023-06-13,2023-07-24,https://github.com/Azure/sdk-release-request/issues/4241,17.1.0,True
azure-mgmt-netapp,audunn,Wzb123456789,2023-06-21,2023-07-24,https://github.com/Azure/sdk-release-request/issues/4257,10.1.0,True
azure-mgmt-managednetworkfabric,surajmb,Wzb123456789,2023-07-13,2023-07-24,https://github.com/Azure/sdk-release-request/issues/4336,1.0.0,True
azure-mgmt-costmanagement,msyyc,Wzb123456789,2023-07-19,2023-07-19,https://github.com/Azure/sdk-release-request/issues/4343,4.0.1,True
azure-mgmt-networkcloud,jmmscript,Wzb123456789,2023-06-28,2023-07-19,https://github.com/Azure/sdk-release-request/issues/4301,1.0.0b2,
azure-mgmt-paloaltonetworksngfw,Vibhuti-Sharma-Microsoft,Wzb123456789,2023-06-09,2023-07-14,https://github.com/Azure/sdk-release-request/issues/4236,1.0.0,True
azure-mgmt-databricks,msyyc,Wzb123456789,2023-06-14,2023-06-29,https://github.com/Azure/sdk-release-request/issues/4245,2.0.0,True
azure-mgmt-managednetworkfabric,surajmb,Wzb123456789,2023-06-16,2023-06-29,https://github.com/Azure/sdk-release-request/issues/4254,1.0.0b1,
azure-mgmt-graphservices,amatukmolina,Wzb123456789,2023-05-25,2023-06-25,https://github.com/Azure/sdk-release-request/issues/4199,1.0.0,True
azure-mgmt-selfhelp,BharathaAravind,Wzb123456789,2023-05-18,2023-06-25,https://github.com/Azure/sdk-release-request/issues/4175,1.0.0,True
azure-mgmt-storagecache,tibanyas,Wzb123456789,2023-06-08,2023-06-21,https://github.com/Azure/sdk-release-request/issues/4229,1.5.0,True
azure-mgmt-resource,harshpatel17,Wzb123456789,2023-05-18,2023-06-21,https://github.com/Azure/sdk-release-request/issues/4179,23.1.0b2,
azure-mgmt-cosmosdb,SrinikhilReddy,Wzb123456789,2023-05-23,2023-06-21,https://github.com/Azure/sdk-release-request/issues/4191,10.0.0b1,
azure-mgmt-iothubprovisioningservices,WendyCaiMS,Wzb123456789,2023-05-25,2023-06-21,https://github.com/Azure/sdk-release-request/issues/4201,1.2.0b2,
azure-mgmt-sqlvirtualmachine,navba-MSFT,Wzb123456789,2023-05-30,2023-06-21,https://github.com/Azure/sdk-release-request/issues/4213,1.0.0b6,
azure-mgmt-cosmosdbforpostgresql,mozansaka,Wzb123456789,2023-05-30,2023-06-21,https://github.com/Azure/sdk-release-request/issues/4216,1.0.0b1,
azure-mgmt-dataprotection,ankur741999,Wzb123456789,2023-05-31,2023-06-21,https://github.com/Azure/sdk-release-request/issues/4221,1.1.0,True
azure-mgmt-containerservicefleet,serbrech,Wzb123456789,2023-05-18,2023-06-21,https://github.com/Azure/sdk-release-request/issues/4172,1.0.0b1,
azure-mgmt-redis,ajtiwari07,Wzb123456789,2023-05-22,2023-06-21,https://github.com/Azure/sdk-release-request/issues/4187,14.2.0,True
azure-mgmt-trafficmanager,imsiddhartha,Wzb123456789,2023-05-25,2023-06-21,https://github.com/Azure/sdk-release-request/issues/4193,1.1.0,True
azure-mgmt-containerservice,FumingZhang,Wzb123456789,2023-06-14,2023-06-21,https://github.com/Azure/sdk-release-request/issues/4248,24.0.0,True
azure-mgmt-dns,msyyc,Wzb123456789,2023-06-13,2023-06-14,https://github.com/Azure/sdk-release-request/issues/4240,8.1.0,True
azure-mgmt-rdbms,ambrahma,Wzb123456789,2023-05-11,2023-05-26,https://github.com/Azure/sdk-release-request/issues/4158,10.2.0b9,
azure-mgmt-costmanagement,pednekarpraj,Wzb123456789,2023-04-25,2023-05-26,https://github.com/Azure/sdk-release-request/issues/4089,4.0.0,True
azure-mgmt-databox,vaishnavi-janardhan,Wzb123456789,2023-04-27,2023-05-26,https://github.com/Azure/sdk-release-request/issues/4104,2.0.0,True
azure-mgmt-kubernetesconfiguration,bavneetsingh16,Wzb123456789,2023-04-28,2023-05-26,https://github.com/Azure/sdk-release-request/issues/4108,3.0.0,True
azure-mgmt-compute,grizzlytheodore,Wzb123456789,2023-04-18,2023-05-25,https://github.com/Azure/sdk-release-request/issues/4058,30.0.0,True
azure-mgmt-resource,gauravkumar1491,Wzb123456789,2023-04-24,2023-05-25,https://github.com/Azure/sdk-release-request/issues/4079,23.1.0b1,
azure-mgmt-keyvault,msyyc,Wzb123456789,2023-05-24,2023-05-24,https://github.com/Azure/sdk-release-request/issues/4192,10.2.2,True
azure-mgmt-resourcehealth,abhayohri,Wzb123456789,2023-05-01,2023-05-23,https://github.com/Azure/sdk-release-request/issues/4118,1.0.0b4,
azure-mgmt-devhub,OliverMKing,Wzb123456789,2023-05-01,2023-05-23,https://github.com/Azure/sdk-release-request/issues/4119,1.0.0b1,
azure-mgmt-devcenter,nickdepinet,Wzb123456789,2023-05-04,2023-05-23,https://github.com/Azure/sdk-release-request/issues/4128,1.0.0,True
azure-mgmt-servicefabricmanagedclusters,mwesigwaguma,Wzb123456789,2023-05-04,2023-05-23,https://github.com/Azure/sdk-release-request/issues/4129,2.0.0b4,
azure-mgmt-appcontainers,vinisoto,Wzb123456789,2023-05-05,2023-05-23,https://github.com/Azure/sdk-release-request/issues/4131,3.0.0b1,
azure-mgmt-servicenetworking,malpaniHMC,Wzb123456789,2023-05-05,2023-05-23,https://github.com/Azure/sdk-release-request/issues/4134,1.0.0b2,
azure-mgmt-network,MikhailTryakhov,Wzb123456789,2023-05-07,2023-05-23,https://github.com/Azure/sdk-release-request/issues/4138,23.1.0,True
azure-mgmt-elastic,utkarshjain1508,Wzb123456789,2023-05-11,2023-05-23,https://github.com/Azure/sdk-release-request/issues/4153,1.1.0b3,
azure-mgmt-recoveryservices,Gakum,Wzb123456789,2023-05-14,2023-05-23,https://github.com/Azure/sdk-release-request/issues/4163,2.4.0,True
azure-mgmt-newrelicobservability,vipray-ms,Wzb123456789,2023-04-17,2023-05-22,https://github.com/Azure/sdk-release-request/issues/4050,1.0.0,True
azure-mgmt-privatedns,sfiguemsft,Wzb123456789,2023-04-20,2023-05-22,https://github.com/Azure/sdk-release-request/issues/4068,1.1.0,True
azure-mgmt-networkcloud,mbashtovaya,Wzb123456789,2023-04-21,2023-05-22,https://github.com/Azure/sdk-release-request/issues/4074,1.0.0b1,
azure-mgmt-frontdoor,t-bzhan,Wzb123456789,2023-04-23,2023-05-22,https://github.com/Azure/sdk-release-request/issues/4077,1.1.0,True
azure-mgmt-voiceservices,sebastianrex,Wzb123456789,2023-04-25,2023-05-22,https://github.com/Azure/sdk-release-request/issues/4085,1.0.0,True
azure-mgmt-qumulo,nikhgup,Wzb123456789,2023-04-26,2023-05-22,https://github.com/Azure/sdk-release-request/issues/4097,1.0.0,True
azure-mgmt-eventgrid,ahamad-MS,Wzb123456789,2023-05-16,2023-05-19,https://github.com/Azure/sdk-release-request/issues/4166,10.3.0b2,
azure-mgmt-confidentialledger,prathod09,Wzb123456789,2023-04-26,2023-05-19,https://github.com/Azure/sdk-release-request/issues/4099,2.0.0b3,
azure-mgmt-resource,msyyc,Wzb123456789,2023-05-18,2023-05-18,https://github.com/Azure/sdk-release-request/issues/4170,23.0.1,True
azure-mgmt-selfhelp,BharathaAravind,Wzb123456789,2023-04-12,2023-05-17,https://github.com/Azure/sdk-release-request/issues/4032,1.0.0b1,
azure-mgmt-containerservice,FumingZhang,Wzb123456789,2023-05-08,2023-05-16,https://github.com/Azure/sdk-release-request/issues/4144,23.0.0,True
azure-mgmt-rdbms,xiaoxuqi-ms,Wzb123456789,2023-05-09,2023-05-15,https://github.com/Azure/sdk-release-request/issues/4150,10.2.0b8,
azure-mgmt-machinelearningservices,msyyc,Wzb123456789,2023-05-12,2023-05-12,https://github.com/Azure/sdk-release-request/issues/4161,2.0.0b2,
azure-mgmt-cosmosdb,vinhms,Wzb123456789,2023-04-28,2023-05-08,https://github.com/Azure/sdk-release-request/issues/4110,9.2.0,True
azure-mgmt-recoveryservicesbackup,hiaga,Wzb123456789,2023-05-02,2023-05-08,https://github.com/Azure/sdk-release-request/issues/4124,6.0.0,True
azure-mgmt-paloaltonetworksngfw,Vibhuti-Sharma-Microsoft,Wzb123456789,2023-03-10,2023-05-05,https://github.com/Azure/sdk-release-request/issues/3922,1.0.0b2,
azure-mgmt-monitor,msyyc,Wzb123456789,2023-05-02,2023-05-04,https://github.com/Azure/sdk-release-request/issues/4123,6.0.1,True
azure-mgmt-resourceconnector,aditimalladi,Wzb123456789,2023-03-21,2023-04-26,https://github.com/Azure/sdk-release-request/issues/3957,1.0.0b4,
azure-mgmt-containerservice,FumingZhang,Wzb123456789,2023-04-13,2023-04-21,https://github.com/Azure/sdk-release-request/issues/4038,22.1.0,True
azure-mgmt-quota,allison-inman,Wzb123456789,2023-03-22,2023-04-21,https://github.com/Azure/sdk-release-request/issues/3969,1.0.0,True
azure-mgmt-cosmosdb,carjackson-msft,Wzb123456789,2023-04-11,2023-04-21,https://github.com/Azure/sdk-release-request/issues/4031,9.1.0,True
azure-mgmt-containerinstance,fnuarnav,Wzb123456789,2023-04-13,2023-04-21,https://github.com/Azure/sdk-release-request/issues/4042,10.1.0,True
azure-mgmt-applicationinsights,AllyW,Wzb123456789,2023-03-13,2023-04-20,https://github.com/Azure/sdk-release-request/issues/3926,4.0.0,True
azure-mgmt-imagebuilder,zdelacerda-microsoft,Wzb123456789,2023-03-15,2023-04-20,https://github.com/Azure/sdk-release-request/issues/3928,1.2.0,True
azure-mgmt-iothub,firstaye-zz,Wzb123456789,2023-03-22,2023-04-20,https://github.com/Azure/sdk-release-request/issues/3975,2.4.0,True
azure-mgmt-cosmosdb,ashwinisingh01,Wzb123456789,2023-03-23,2023-04-20,https://github.com/Azure/sdk-release-request/issues/3980,9.1.0b2,
azure-mgmt-containerinstance,MicroJamesLim,Wzb123456789,2023-03-31,2023-04-20,https://github.com/Azure/sdk-release-request/issues/4008,10.1.0b2,
azure-mgmt-security,GalGoldi72,Wzb123456789,2023-04-04,2023-04-20,https://github.com/Azure/sdk-release-request/issues/4016,5.0.0,True
azure-mgmt-confidentialledger,musabbir,Wzb123456789,2023-04-14,2023-04-20,https://github.com/Azure/sdk-release-request/issues/4049,2.0.0b2,
azure-mgmt-netapp,audunn,Wzb123456789,2023-03-06,2023-04-20,https://github.com/Azure/sdk-release-request/issues/3887,10.0.0,True
azure-mgmt-web,naveedaz,Wzb123456789,2023-03-10,2023-04-20,https://github.com/Azure/sdk-release-request/issues/3916,7.1.0,True
azure-mgmt-redisenterprise,revanthballa1188,Wzb123456789,2023-03-16,2023-04-20,https://github.com/Azure/sdk-release-request/issues/3939,2.1.0b2,
azure-mgmt-apimanagement,Anand0046,Wzb123456789,2023-03-16,2023-04-20,https://github.com/Azure/sdk-release-request/issues/3940,4.0.0,True
azure-mgmt-appplatform,Descatles,Wzb123456789,2023-03-17,2023-04-20,https://github.com/Azure/sdk-release-request/issues/3948,8.0.0,True
azure-mgmt-elastic,utkarshjain1508,Wzb123456789,2023-03-21,2023-04-20,https://github.com/Azure/sdk-release-request/issues/3953,1.1.0b2,
azure-mgmt-workloads,gargankit-microsoft,Wzb123456789,2023-03-02,2023-04-20,https://github.com/Azure/sdk-release-request/issues/3857,1.0.0,True
azure-mgmt-rdbms,ambrahma,Wzb123456789,2023-03-27,2023-04-18,https://github.com/Azure/sdk-release-request/issues/4000,10.2.0b7,
azure-mgmt-rdbms,xiaoxuqi-ms,Wzb123456789,2023-04-17,2023-04-18,https://github.com/Azure/sdk-release-request/issues/4054,10.2.0b7,
azure-mgmt-qumulo,nikhgup,Wzb123456789,2023-04-06,2023-04-14,https://github.com/Azure/sdk-release-request/issues/4021,1.0.0b1,
azure-mgmt-eventhub,schaudhari6254888,Wzb123456789,2023-04-04,2023-04-14,https://github.com/Azure/sdk-release-request/issues/4012,11.0.0,True
azure-mgmt-compute,msyyc,Wzb123456789,2023-03-31,2023-04-13,https://github.com/Azure/sdk-release-request/issues/4005,29.2.0b2,
azure-mgmt-sql,paramsiva1,Wzb123456789,2023-03-28,2023-04-11,https://github.com/Azure/sdk-release-request/issues/4002,4.0.0b10,
azure-mgmt-communication,kagbakpem,Wzb123456789,2023-03-26,2023-04-04,https://github.com/Azure/sdk-release-request/issues/3995,2.0.0,True
azure-mgmt-keyvault,msyyc,Wzb123456789,2023-03-30,2023-04-04,https://github.com/Azure/sdk-release-request/issues/4003,10.2.1,True
azure-mgmt-network,msyyc,Wzb123456789,2023-03-22,2023-03-30,https://github.com/Azure/sdk-release-request/issues/3959,23.0.0,True
azure-mgmt-appconfiguration,albertofori,Wzb123456789,2023-03-22,2023-03-29,https://github.com/Azure/sdk-release-request/issues/3970,3.0.0,True
azure-mgmt-newrelicobservability,saurgupta-msft,Wzb123456789,2023-02-16,2023-03-28,https://github.com/Azure/sdk-release-request/issues/3822,1.0.0b1,
azure-mgmt-resource,msyyc,Wzb123456789,2023-03-27,2023-03-28,https://github.com/Azure/sdk-release-request/issues/3997,23.0.0,True
azure-mgmt-containerservice,FumingZhang,Wzb123456789,2023-03-22,2023-03-27,https://github.com/Azure/sdk-release-request/issues/3960,22.0.0,True
azure-mgmt-sql,vidit-msft,Wzb123456789,2023-03-23,2023-03-27,https://github.com/Azure/sdk-release-request/issues/3990,4.0.0b9,
azure-mgmt-communication,kagbakpem,Wzb123456789,2023-03-15,2023-03-25,https://github.com/Azure/sdk-release-request/issues/3932,2.0.0b3,
azure-mgmt-graphservices,amatukmolina,Wzb123456789,2023-03-03,2023-03-23,https://github.com/Azure/sdk-release-request/issues/3865,1.0.0b1,
azure-mgmt-security,roni93,Wzb123456789,2023-03-10,2023-03-21,https://github.com/Azure/sdk-release-request/issues/3920,4.0.0,True
azure-mgmt-webpubsub,juniwang,Wzb123456789,2023-03-07,2023-03-21,https://github.com/Azure/sdk-release-request/issues/3900,1.1.0,True
azure-mgmt-network,htippanaboya,Wzb123456789,2023-03-01,2023-03-21,https://github.com/Azure/sdk-release-request/issues/3855,22.3.0,True
azure-mgmt-monitor,herreraj-ms,Wzb123456789,2023-03-08,2023-03-20,https://github.com/Azure/sdk-release-request/issues/3908,6.0.0,True
azure-mgmt-recoveryservicesbackup,profDisarray,Wzb123456789,2023-03-09,2023-03-20,https://github.com/Azure/sdk-release-request/issues/3911,5.2.0,True
azure-mgmt-appcontainers,Juliehzl,Wzb123456789,2023-02-28,2023-03-20,https://github.com/Azure/sdk-release-request/issues/3843,2.0.0,True
azure-mgmt-desktopvirtualization,alec-baird,Wzb123456789,2023-03-03,2023-03-20,https://github.com/Azure/sdk-release-request/issues/3870,1.0.0,True
azure-mgmt-orbital,stuti-1807,Wzb123456789,2023-03-03,2023-03-20,https://github.com/Azure/sdk-release-request/issues/3879,2.0.0,True
azure-mgmt-reservations,chchen3,Wzb123456789,2023-03-03,2023-03-20,https://github.com/Azure/sdk-release-request/issues/3883,2.3.0,True
azure-mgmt-signalr,juniwang,Wzb123456789,2023-03-07,2023-03-20,https://github.com/Azure/sdk-release-request/issues/3895,1.2.0,True
azure-mgmt-cosmosdb,rsharm7,Wzb123456789,2023-03-07,2023-03-20,https://github.com/Azure/sdk-release-request/issues/3905,9.1.0b1,
azure-mgmt-cosmosdb,ashwinisingh01,Wzb123456789,2023-03-16,2023-03-20,https://github.com/Azure/sdk-release-request/issues/3943,9.1.0b1,
azure-mgmt-digitaltwins,sjiherzig,Wzb123456789,2023-02-23,2023-03-20,https://github.com/Azure/sdk-release-request/issues/3837,6.4.0,True
azure-mgmt-datafactory,Frey-Wang,Wzb123456789,2023-02-24,2023-03-20,https://github.com/Azure/sdk-release-request/issues/3839,3.1.0,True
azure-mgmt-hybridcontainerservice,HariPrasadV,Wzb123456789,2023-03-01,2023-03-20,https://github.com/Azure/sdk-release-request/issues/3848,1.0.0b1,
azure-mgmt-keyvault,evelyn-ys,Wzb123456789,2023-03-13,2023-03-17,https://github.com/Azure/sdk-release-request/issues/3925,10.2.0,True
azure-mgmt-defendereasm,nathanfalke,Wzb123456789,2023-01-25,2023-03-15,https://github.com/Azure/sdk-release-request/issues/3703,1.0.0b1,
azure-mgmt-nginx,limingu,Wzb123456789,2023-03-14,2023-03-15,https://github.com/Azure/sdk-release-request/issues/3927,2.1.0,True
azure-mgmt-security,Wzb123456789,Wzb123456789,2023-03-06,2023-03-07,https://github.com/Azure/sdk-release-request/issues/3884,4.0.0b2,
azure-mgmt-voiceservices,sebastianrex,Wzb123456789,2023-02-15,2023-02-23,https://github.com/Azure/sdk-release-request/issues/3804,1.0.0b1,
azure-mgmt-resource,Wzb123456789,Wzb123456789,2023-02-22,2023-02-22,https://github.com/Azure/sdk-release-request/issues/3833,23.0.0b1,
azure-mgmt-datafactory,Frey-Wang,Wzb123456789,2023-02-08,2023-02-21,https://github.com/Azure/sdk-release-request/issues/3748,3.0.0,True
azure-mgmt-storage,Wzb123456789,Wzb123456789,2023-02-20,2023-02-20,https://github.com/Azure/sdk-release-request/issues/3828,21.1.0b1,
azure-mgmt-containerservice,FumingZhang,Wzb123456789,2023-02-13,2023-02-20,https://github.com/Azure/sdk-release-request/issues/3771,21.2.0,True
azure-mgmt-compute,Wzb123456789,Wzb123456789,2023-02-16,2023-02-20,https://github.com/Azure/sdk-release-request/issues/3813,29.2.0b1,
azure-mgmt-storagemover,yifanz0,Wzb123456789,2023-02-01,2023-02-20,https://github.com/Azure/sdk-release-request/issues/3725,1.0.0b1,
azure-mgmt-containerregistry,cegraybl,Wzb123456789,2023-02-02,2023-02-20,https://github.com/Azure/sdk-release-request/issues/3745,10.1.0,True
azure-mgmt-dataprotection,mayankagg9722,Wzb123456789,2023-01-24,2023-02-20,https://github.com/Azure/sdk-release-request/issues/3693,1.0.0,True
azure-mgmt-hybridcompute,msyyc,Wzb123456789,2023-02-06,2023-02-20,https://github.com/Azure/sdk-release-request/issues/3746,8.0.0,True
azure-mgmt-sql,viparek,Wzb123456789,2023-02-16,2023-02-20,https://github.com/Azure/sdk-release-request/issues/3823,4.0.0b8,
azure-mgmt-resourcehealth,Wzb123456789,Wzb123456789,2023-02-16,2023-02-16,https://github.com/Azure/sdk-release-request/issues/3808,1.0.0b3,
azure-mgmt-security,Wzb123456789,Wzb123456789,2023-02-16,2023-02-16,https://github.com/Azure/sdk-release-request/issues/3809,4.0.0b1,
azure-mgmt-resource,Wzb123456789,Wzb123456789,2023-02-16,2023-02-16,https://github.com/Azure/sdk-release-request/issues/3810,22.1.0b1,
azure-mgmt-digitaltwins,Wzb123456789,Wzb123456789,2023-02-16,2023-02-16,https://github.com/Azure/sdk-release-request/issues/3811,6.4.0b1,
azure-mgmt-redhatopenshift,Wzb123456789,Wzb123456789,2023-02-16,2023-02-16,https://github.com/Azure/sdk-release-request/issues/3812,1.3.0b1,
azure-mgmt-msi,Wzb123456789,Wzb123456789,2023-02-16,2023-02-16,https://github.com/Azure/sdk-release-request/issues/3814,7.1.0b1,
azure-mgmt-reservations,chchen3,Wzb123456789,2023-01-19,2023-02-16,https://github.com/Azure/sdk-release-request/issues/3676,2.2.0,True
azure-mgmt-kusto,matanova8,Wzb123456789,2023-01-29,2023-02-16,https://github.com/Azure/sdk-release-request/issues/3707,3.1.0,True
azure-mgmt-search,mattmsft,Wzb123456789,2023-02-09,2023-02-16,https://github.com/Azure/sdk-release-request/issues/3755,9.0.0,True
azure-mgmt-synapse,yanjungao718,Wzb123456789,2023-01-18,2023-02-16,https://github.com/Azure/sdk-release-request/issues/3673,2.1.0b7,
azure-mgmt-cognitiveservices,yangyuan,Wzb123456789,2023-01-22,2023-02-16,https://github.com/Azure/sdk-release-request/issues/3679,13.4.0,True
azure-mgmt-workloads,gargankit-microsoft,Wzb123456789,2023-01-23,2023-02-16,https://github.com/Azure/sdk-release-request/issues/3683,1.0.0b3,
azure-mgmt-recoveryservices,cvarsh,Wzb123456789,2023-02-01,2023-02-16,https://github.com/Azure/sdk-release-request/issues/3718,2.3.0,True
azure-mgmt-servicebus,schaudhari6254888,Wzb123456789,2023-02-01,2023-02-16,https://github.com/Azure/sdk-release-request/issues/3734,8.2.0,True
azure-mgmt-storagecache,rebecca337,Wzb123456789,2023-02-09,2023-02-16,https://github.com/Azure/sdk-release-request/issues/3751,1.4.0,True
azure-mgmt-cosmosdb,kshittiz7,Wzb123456789,2023-02-09,2023-02-16,https://github.com/Azure/sdk-release-request/issues/3756,9.0.0,True
azure-mgmt-iothub,Wzb123456789,Wzb123456789,2023-02-15,2023-02-16,https://github.com/Azure/sdk-release-request/issues/3801,2.4.0b1,
azure-mgmt-authorization,Wzb123456789,Wzb123456789,2023-02-15,2023-02-16,https://github.com/Azure/sdk-release-request/issues/3803,3.1.0b1,
azure-mgmt-appconfiguration,Wzb123456789,Wzb123456789,2023-02-15,2023-02-15,https://github.com/Azure/sdk-release-request/issues/3800,3.0.0b1,
azure-mgmt-keyvault,Wzb123456789,Wzb123456789,2023-02-14,2023-02-15,https://github.com/Azure/sdk-release-request/issues/3786,10.2.0b1,
azure-mgmt-applicationinsights,Wzb123456789,Wzb123456789,2023-02-14,2023-02-14,https://github.com/Azure/sdk-release-request/issues/3782,4.0.0b1,
azure-mgmt-eventhub,Wzb123456789,Wzb123456789,2023-02-14,2023-02-14,https://github.com/Azure/sdk-release-request/issues/3783,11.0.0b1,
azure-mgmt-extendedlocation,Wzb123456789,Wzb123456789,2023-02-14,2023-02-14,https://github.com/Azure/sdk-release-request/issues/3785,1.2.0b1,
azure-mgmt-appplatform,Wzb123456789,Wzb123456789,2023-02-13,2023-02-14,https://github.com/Azure/sdk-release-request/issues/3776,8.0.0b1,
azure-mgmt-databoxedge,Wzb123456789,Wzb123456789,2023-02-10,2023-02-14,https://github.com/Azure/sdk-release-request/issues/3763,2.0.0b1,
azure-mgmt-edgeorder,Wzb123456789,Wzb123456789,2023-02-13,2023-02-14,https://github.com/Azure/sdk-release-request/issues/3768,2.0.0b1,
azure-mgmt-kubernetesconfiguration,Wzb123456789,Wzb123456789,2023-02-13,2023-02-14,https://github.com/Azure/sdk-release-request/issues/3775,3.0.0b1,
azure-mgmt-databox,Wzb123456789,Wzb123456789,2023-02-10,2023-02-13,https://github.com/Azure/sdk-release-request/issues/3761,2.0.0b1,
azure-mgmt-dns,Wzb123456789,Wzb123456789,2023-02-10,2023-02-13,https://github.com/Azure/sdk-release-request/issues/3762,8.1.0b1,
azure-mgmt-commerce,msyyc,Wzb123456789,2023-02-10,2023-02-10,https://github.com/Azure/sdk-release-request/issues/3760,6.1.0b1,
azure-mgmt-msi,isolenov,Wzb123456789,2023-02-01,2023-02-02,https://github.com/Azure/sdk-release-request/issues/3737,7.0.0,True
azure-mgmt-loadtesting,venkatr21,Wzb123456789,2023-01-16,2023-02-01,https://github.com/Azure/sdk-release-request/issues/3655,1.0.0,True
azure-mgmt-sql,milanbrkic-ms,Wzb123456789,2023-01-19,2023-01-30,https://github.com/Azure/sdk-release-request/issues/3678,4.0.0b7,
azure-mgmt-recoveryservicesbackup,cvarsh,Wzb123456789,2023-01-11,2023-01-30,https://github.com/Azure/sdk-release-request/issues/3634,5.1.0,True
azure-mgmt-compute,grizzlytheodore,Wzb123456789,2023-01-10,2023-01-18,https://github.com/Azure/sdk-release-request/issues/3624,29.1.0,True
azure-mgmt-servicenetworking,malpaniHMC,Wzb123456789,2022-12-06,2023-01-17,https://github.com/Azure/sdk-release-request/issues/3538,1.0.0b1,
azure-mgmt-sqlvirtualmachine,qianliu-pdx,Wzb123456789,2022-12-17,2023-01-17,https://github.com/Azure/sdk-release-request/issues/3572,1.0.0b5,
azure-mgmt-mobilenetwork,andrew-lee-metaswitch,Wzb123456789,2023-01-05,2023-01-17,https://github.com/Azure/sdk-release-request/issues/3617,2.0.0,True
azure-mgmt-dataprotection,anjorsh,Wzb123456789,2023-01-10,2023-01-17,https://github.com/Azure/sdk-release-request/issues/3632,1.0.0b4,
azure-mgmt-media,giakas,Wzb123456789,2023-01-12,2023-01-17,https://github.com/Azure/sdk-release-request/issues/3649,10.2.0,True
azure-mgmt-botservice,thatChang,Wzb123456789,2023-01-12,2023-01-17,https://github.com/Azure/sdk-release-request/issues/3651,2.0.0,True
azure-mgmt-redhatopenshift,cadenmarchese,Wzb123456789,2022-12-09,2023-01-17,https://github.com/Azure/sdk-release-request/issues/3556,1.2.0,True
